--TABLA ACTIVAR NOTIFICACIONES
INSERT INTO "INSTAGRAM"."TBL_ACTIVAR_NOTIFICACIONES" (CODIGO_ACTIVACION, NOMBRE_ACTIVACION) VALUES ('1', 'ACTIVAR');
INSERT INTO "INSTAGRAM"."TBL_ACTIVAR_NOTIFICACIONES" (CODIGO_ACTIVACION, NOMBRE_ACTIVACION) VALUES ('2', 'DESACTIVAR');

--TABLA COMPARTIR HISTORIAS
INSERT INTO "INSTAGRAM"."TBL_COMPARTIR_HISTORIAS" (CODIGO_COMPARTIR_HISTORIA, DESCRIPCION_COMPARTIR_HISTORIA) VALUES ('1', 'ACTIVAR');
INSERT INTO "INSTAGRAM"."TBL_COMPARTIR_HISTORIAS" (CODIGO_COMPARTIR_HISTORIA, DESCRIPCION_COMPARTIR_HISTORIA) VALUES ('2', 'DESACTIVAR');

--TABLA VISTA PREVIA
INSERT INTO "INSTAGRAM"."TBL_COMPARTIR_VISTA_PREVIA" (CODIGO_VISTA_PREVIA, DESCRIPCION_VISTA_PREVIA) VALUES ('1', 'ACTIVAR');
INSERT INTO "INSTAGRAM"."TBL_COMPARTIR_VISTA_PREVIA" (CODIGO_VISTA_PREVIA, DESCRIPCION_VISTA_PREVIA) VALUES ('2', 'DESACTIVAR');

--TABLA EXTENSION PUBLICACIONES
INSERT INTO "INSTAGRAM"."TBL_EXTENSION_PUBLICACION" (CODIGO_EXTENSION_PUBLICACION, TIPO_ARCHIVO) VALUES ('1', 'MP3');
INSERT INTO "INSTAGRAM"."TBL_EXTENSION_PUBLICACION" (CODIGO_EXTENSION_PUBLICACION, TIPO_ARCHIVO) VALUES ('2', 'JPG');
INSERT INTO "INSTAGRAM"."TBL_EXTENSION_PUBLICACION" (CODIGO_EXTENSION_PUBLICACION, TIPO_ARCHIVO) VALUES ('3', 'MP4');

--TABLA GENEROS
INSERT INTO "INSTAGRAM"."TBL_GENERO" (CODIGO_GENERO, DESCRIPCION_GENERO, ABREVIATURA_GENERO) VALUES ('1', 'FEMENINO', 'F');
INSERT INTO "INSTAGRAM"."TBL_GENERO" (CODIGO_GENERO, DESCRIPCION_GENERO, ABREVIATURA_GENERO) VALUES ('2', 'MASCULINO', 'M');

--TABLA SOLICITUD SEGUIDOR
INSERT INTO "INSTAGRAM"."TBL_SOLICITUD_SEGUIDORES" (CODIGO_SOLICITUD, DESCRIPCION_SOLICITUD) VALUES ('1', 'ACEPTADA');
INSERT INTO "INSTAGRAM"."TBL_SOLICITUD_SEGUIDORES" (CODIGO_SOLICITUD, DESCRIPCION_SOLICITUD) VALUES ('2', 'RECHAZADA');
INSERT INTO "INSTAGRAM"."TBL_SOLICITUD_SEGUIDORES" (CODIGO_SOLICITUD, DESCRIPCION_SOLICITUD) VALUES ('3', 'PENDIENTE');

--TABLA SUSCRIPCIONES
INSERT INTO "INSTAGRAM"."TBL_SUSCRIPCIONES" (CODIGO_SUSCRIPCION, NOMBRE_SUSCRIPCION) VALUES ('1', 'CORREOS DE NOTICIAS');
INSERT INTO "INSTAGRAM"."TBL_SUSCRIPCIONES" (CODIGO_SUSCRIPCION, NOMBRE_SUSCRIPCION) VALUES ('2', 'CORREOS DE RECORDATORIO');
INSERT INTO "INSTAGRAM"."TBL_SUSCRIPCIONES" (CODIGO_SUSCRIPCION, NOMBRE_SUSCRIPCION) VALUES ('3', 'CORREOS DE PRODUCTO');
INSERT INTO "INSTAGRAM"."TBL_SUSCRIPCIONES" (CODIGO_SUSCRIPCION, NOMBRE_SUSCRIPCION) VALUES ('4', 'CORREOS DE INVESTIGACION');
INSERT INTO "INSTAGRAM"."TBL_SUSCRIPCIONES" (CODIGO_SUSCRIPCION, NOMBRE_SUSCRIPCION) VALUES ('5', 'MENSAJE DE TEXTO');

--TABLA TIPOS DE AUTENTICACION
INSERT INTO "INSTAGRAM"."TBL_TIPO_AUTENTICACION" (CODIGO_TIPO_AUTENTICACION, TIPO_AUTENTICACION) VALUES ('1', 'MENSAJE DE TEXTO');
INSERT INTO "INSTAGRAM"."TBL_TIPO_AUTENTICACION" (CODIGO_TIPO_AUTENTICACION, TIPO_AUTENTICACION) VALUES ('2', 'APP DE AUTENTICACION');

--TABLA DE TIPO DE HISTORIALES
INSERT INTO "INSTAGRAM"."TBL_TIPO_HISTORIAL" (CODIGO_TIPO_HISTORIAL, DESCRIPCION_TIPO_HISTORIAL) VALUES ('1', 'CAMBIOS DE CONTRASEÑA');
INSERT INTO "INSTAGRAM"."TBL_TIPO_HISTORIAL" (CODIGO_TIPO_HISTORIAL, DESCRIPCION_TIPO_HISTORIAL) VALUES ('2', 'CAMBIOS DE CORREO');
INSERT INTO "INSTAGRAM"."TBL_TIPO_HISTORIAL" (CODIGO_TIPO_HISTORIAL, DESCRIPCION_TIPO_HISTORIAL) VALUES ('3', 'CAMBIOS DE TELEFONO');
INSERT INTO "INSTAGRAM"."TBL_TIPO_HISTORIAL" (CODIGO_TIPO_HISTORIAL, DESCRIPCION_TIPO_HISTORIAL) VALUES ('4', 'CUENTAS BLOQUEADAS');
INSERT INTO "INSTAGRAM"."TBL_TIPO_HISTORIAL" (CODIGO_TIPO_HISTORIAL, DESCRIPCION_TIPO_HISTORIAL) VALUES ('5', 'INICIOS DE SESION');
INSERT INTO "INSTAGRAM"."TBL_TIPO_HISTORIAL" (CODIGO_TIPO_HISTORIAL, DESCRIPCION_TIPO_HISTORIAL) VALUES ('6', 'CAMBIOS EN BIOGRAFIA');
INSERT INTO "INSTAGRAM"."TBL_TIPO_HISTORIAL" (CODIGO_TIPO_HISTORIAL, DESCRIPCION_TIPO_HISTORIAL) VALUES ('7', 'CAMBIOS NOMBRE USUARIO');

--TABLA TIPO PERFIL
INSERT INTO "INSTAGRAM"."TBL_TIPO_PERFIL" (CODIGO_TIPO_PERFIL, TIPO_PERFIL) VALUES ('1', 'PRIVADO');
INSERT INTO "INSTAGRAM"."TBL_TIPO_PERFIL" (CODIGO_TIPO_PERFIL, TIPO_PERFIL) VALUES ('2', 'PUBLICO');

--TABLA TIPO DE PUBLICACIONES
INSERT INTO "INSTAGRAM"."TBL_TIPO_PUBLICACION" (CODIGO_TIPO_PUBLICACION, DESCRIPCION_TIPO_PUBLI) VALUES ('1', 'PUBLICACION');
INSERT INTO "INSTAGRAM"."TBL_TIPO_PUBLICACION" (CODIGO_TIPO_PUBLICACION, DESCRIPCION_TIPO_PUBLI) VALUES ('2', 'HISTORIA');

--TABLA LUGARES
insert into TBL_LUGARES (CODIGO_LUGAR, LATITUD, LONGITUD, NOMBRE_LUGAR) values ('11', 50.20009, 18.31153, 'Kuźnia Raciborska');
insert into TBL_LUGARES (CODIGO_LUGAR, LATITUD, LONGITUD, NOMBRE_LUGAR) values ('12', -34.6961915, -58.8423829, 'Gualeguay');
insert into TBL_LUGARES (CODIGO_LUGAR, LATITUD, LONGITUD, NOMBRE_LUGAR) values ('13', 15.3097361, 120.8940375, 'Alua');
insert into TBL_LUGARES (CODIGO_LUGAR, LATITUD, LONGITUD, NOMBRE_LUGAR) values ('14', 17.4605379, 101.7523854, 'Loei');
insert into TBL_LUGARES (CODIGO_LUGAR, LATITUD, LONGITUD, NOMBRE_LUGAR) values ('15', 32.871671, 117.56024, 'Fengyang Fuchengzhen');
insert into TBL_LUGARES (CODIGO_LUGAR, LATITUD, LONGITUD, NOMBRE_LUGAR) values ('16', 35.0298547, 71.3542319, 'Āsmār');
insert into TBL_LUGARES (CODIGO_LUGAR, LATITUD, LONGITUD, NOMBRE_LUGAR) values ('17', 17.1238845, -61.8233706, 'Piggotts');
insert into TBL_LUGARES (CODIGO_LUGAR, LATITUD, LONGITUD, NOMBRE_LUGAR) values ('18', -7.5874497, 110.7420464, 'Gatak');
insert into TBL_LUGARES (CODIGO_LUGAR, LATITUD, LONGITUD, NOMBRE_LUGAR) values ('19', 38.8091524, -9.1166554, 'Catujal');
insert into TBL_LUGARES (CODIGO_LUGAR, LATITUD, LONGITUD, NOMBRE_LUGAR) values ('20', 27.974248, 120.632896, 'Gaoxiang');

--TABLA ESTADO ACTIVIDAD
INSERT INTO "INSTAGRAM"."TBL_ESTADO_ACTIVIDAD" (CODIGO_ESTADO_ACT, NOMBRE_ESTADO_ACTIVIDAD) VALUES ('1', 'ACTIVAR');
INSERT INTO "INSTAGRAM"."TBL_ESTADO_ACTIVIDAD" (CODIGO_ESTADO_ACT, NOMBRE_ESTADO_ACTIVIDAD) VALUES ('2', 'DESACTIVAR');

--TABLA CANAL VIDEOS
INSERT INTO TBL_CANAL_VIDEOS (CODIGO_CANAL, DESCRIPCION_ACTIVACION) VALUES (CODIGO_CANAL.nextval, 'LA ROQUERA HN');
INSERT INTO TBL_CANAL_VIDEOS (CODIGO_CANAL, DESCRIPCION_ACTIVACION) VALUES (CODIGO_CANAL.nextval, 'LA QBUENA');
INSERT INTO TBL_CANAL_VIDEOS (CODIGO_CANAL, DESCRIPCION_ACTIVACION) VALUES (CODIGO_CANAL.nextval, 'LA GOZADERA');
INSERT INTO TBL_CANAL_VIDEOS (CODIGO_CANAL, DESCRIPCION_ACTIVACION) VALUES (CODIGO_CANAL.nextval, 'OTAKUS');
INSERT INTO TBL_CANAL_VIDEOS (CODIGO_CANAL, DESCRIPCION_ACTIVACION) VALUES (CODIGO_CANAL.nextval, 'PODER DEL GYM');
INSERT INTO TBL_CANAL_VIDEOS (CODIGO_CANAL, DESCRIPCION_ACTIVACION) VALUES (CODIGO_CANAL.nextval, 'VAMOS A LA PLAYA');
INSERT INTO TBL_CANAL_VIDEOS (CODIGO_CANAL, DESCRIPCION_ACTIVACION) VALUES (CODIGO_CANAL.nextval, 'LA BUENISIMA');
INSERT INTO TBL_CANAL_VIDEOS (CODIGO_CANAL, DESCRIPCION_ACTIVACION) VALUES (CODIGO_CANAL.nextval, 'FULL ROCK');
INSERT INTO TBL_CANAL_VIDEOS (CODIGO_CANAL, DESCRIPCION_ACTIVACION) VALUES (CODIGO_CANAL.nextval, 'VIDA SALUDABLE');
INSERT INTO TBL_CANAL_VIDEOS (CODIGO_CANAL, DESCRIPCION_ACTIVACION) VALUES (CODIGO_CANAL.nextval, 'LA FARANDULA');

--TABLA USUARIO
INSERT INTO TBL_USUARIOS (CODIGO_USUARIO, CODIGO_GENERO, CODIGO_TIPO_PERFIL, CODIGO_ACT_NOTIFICACIONES, CODIGO_ESTADO_ACT, CODIGO_COMPARTIR_HISTORIA, CORREO_USUARIO, NOMBRE_PERFIL_USUARIO, PASSWORD, FECHA_REGISTRO, NOMBRE_USUARIO, APELLIDO_USUARIO, NUMERO_TELEFONO) 
VALUES(USUARIO.nextval, 1, 1, 1, 1, 1, 'MPEREZ@GMAIL.COM', 'MPEREZ', 'MPEREZ123', TO_DATE(SYSDATE), 'MARIA', 'PEREZ', '3335-5626');
INSERT INTO TBL_USUARIOS (CODIGO_USUARIO, CODIGO_GENERO, CODIGO_TIPO_PERFIL, CODIGO_ACT_NOTIFICACIONES, CODIGO_ESTADO_ACT, CODIGO_COMPARTIR_HISTORIA, CORREO_USUARIO, NOMBRE_PERFIL_USUARIO, PASSWORD, FECHA_REGISTRO, NOMBRE_USUARIO, APELLIDO_USUARIO, NUMERO_TELEFONO) 
VALUES(USUARIO.nextval, 1, 1, 1, 1, 1, 'EMONTES@GMAIL.COM', 'EMONTES', 'EMONTES123', TO_DATE(SYSDATE), 'EVA', 'MONTES', '9985-8592');
INSERT INTO TBL_USUARIOS (CODIGO_USUARIO, CODIGO_GENERO, CODIGO_TIPO_PERFIL, CODIGO_ACT_NOTIFICACIONES, CODIGO_ESTADO_ACT, CODIGO_COMPARTIR_HISTORIA, CORREO_USUARIO, NOMBRE_PERFIL_USUARIO, PASSWORD, FECHA_REGISTRO, NOMBRE_USUARIO, APELLIDO_USUARIO, NUMERO_TELEFONO) 
VALUES(USUARIO.nextval, 1, 2, 1, 1, 1, 'AVARGAS@GMAIL.COM', 'AVARGAS', 'AVARGAS123', TO_DATE(SYSDATE), 'ANA', 'VARGAS', '3335-8962');
INSERT INTO TBL_USUARIOS (CODIGO_USUARIO, CODIGO_GENERO, CODIGO_TIPO_PERFIL, CODIGO_ACT_NOTIFICACIONES, CODIGO_ESTADO_ACT, CODIGO_COMPARTIR_HISTORIA, CORREO_USUARIO, NOMBRE_PERFIL_USUARIO, PASSWORD, FECHA_REGISTRO, NOMBRE_USUARIO, APELLIDO_USUARIO, NUMERO_TELEFONO) 
VALUES(USUARIO.nextval, 1, 1, 1, 1, 1, 'YGARCIA@GMAIL.COM', 'YGARCIA', 'YGARCIA123', TO_DATE(SYSDATE), 'YESSICA', 'GARCIA', '3335-5267');
INSERT INTO TBL_USUARIOS (CODIGO_USUARIO, CODIGO_GENERO, CODIGO_TIPO_PERFIL, CODIGO_ACT_NOTIFICACIONES, CODIGO_ESTADO_ACT, CODIGO_COMPARTIR_HISTORIA, CORREO_USUARIO, NOMBRE_PERFIL_USUARIO, PASSWORD, FECHA_REGISTRO, NOMBRE_USUARIO, APELLIDO_USUARIO, NUMERO_TELEFONO) 
VALUES(USUARIO.nextval, 1, 2, 1, 1, 1, 'GCALIX@GMAIL.COM', 'GCALIX', 'GCALIX123', TO_DATE(SYSDATE), 'GABRIELA', 'CALIX', '9856-5263');
INSERT INTO TBL_USUARIOS (CODIGO_USUARIO, CODIGO_GENERO, CODIGO_TIPO_PERFIL, CODIGO_ACT_NOTIFICACIONES, CODIGO_ESTADO_ACT, CODIGO_COMPARTIR_HISTORIA, CORREO_USUARIO, NOMBRE_PERFIL_USUARIO, PASSWORD, FECHA_REGISTRO, NOMBRE_USUARIO, APELLIDO_USUARIO, NUMERO_TELEFONO) 
VALUES(USUARIO.nextval, 2, 1, 1, 1, 1, 'BZUNIGA@GMAIL.COM', 'BZUNIGA', 'BZUNIGA123', TO_DATE(SYSDATE), 'BYRON', 'ZUNIGA', '3325-5486');
INSERT INTO TBL_USUARIOS (CODIGO_USUARIO, CODIGO_GENERO, CODIGO_TIPO_PERFIL, CODIGO_ACT_NOTIFICACIONES, CODIGO_ESTADO_ACT, CODIGO_COMPARTIR_HISTORIA, CORREO_USUARIO, NOMBRE_PERFIL_USUARIO, PASSWORD, FECHA_REGISTRO, NOMBRE_USUARIO, APELLIDO_USUARIO, NUMERO_TELEFONO) 
VALUES(USUARIO.nextval, 2, 2, 1, 1, 1, 'EPORTILLO@GMAIL.COM', 'EPORTILLO', 'EPORTILLO123', TO_DATE(SYSDATE), 'EDGAR', 'PORTILLO', '9856-2563');
INSERT INTO TBL_USUARIOS (CODIGO_USUARIO, CODIGO_GENERO, CODIGO_TIPO_PERFIL, CODIGO_ACT_NOTIFICACIONES, CODIGO_ESTADO_ACT, CODIGO_COMPARTIR_HISTORIA, CORREO_USUARIO, NOMBRE_PERFIL_USUARIO, PASSWORD, FECHA_REGISTRO, NOMBRE_USUARIO, APELLIDO_USUARIO, NUMERO_TELEFONO) 
VALUES(USUARIO.nextval, 2, 2, 1, 1, 1, 'FMEJIA@GMAIL.COM', 'FMEJIA', 'FMEJIA123', TO_DATE(SYSDATE), 'FABIO', 'MEJIA', '9856-1254');
INSERT INTO TBL_USUARIOS (CODIGO_USUARIO, CODIGO_GENERO, CODIGO_TIPO_PERFIL, CODIGO_ACT_NOTIFICACIONES, CODIGO_ESTADO_ACT, CODIGO_COMPARTIR_HISTORIA, CORREO_USUARIO, NOMBRE_PERFIL_USUARIO, PASSWORD, FECHA_REGISTRO, NOMBRE_USUARIO, APELLIDO_USUARIO, NUMERO_TELEFONO) 
VALUES(USUARIO.nextval, 2, 1, 1, 1, 1, 'HPEREZ@GMAIL.COM', 'HPEREZ', 'HPEREZ123', TO_DATE(SYSDATE), 'HECTOR', 'PEREZ', '3350-5555');
INSERT INTO TBL_USUARIOS (CODIGO_USUARIO, CODIGO_GENERO, CODIGO_TIPO_PERFIL, CODIGO_ACT_NOTIFICACIONES, CODIGO_ESTADO_ACT, CODIGO_COMPARTIR_HISTORIA, CORREO_USUARIO, NOMBRE_PERFIL_USUARIO, PASSWORD, FECHA_REGISTRO, NOMBRE_USUARIO, APELLIDO_USUARIO, NUMERO_TELEFONO) 
VALUES(USUARIO.nextval, 2, 1, 1, 1, 1, 'IROMERO@GMAIL.COM', 'IROMERO', 'IROMERO123', TO_DATE(SYSDATE), 'IRVING', 'ROMERO', '8850-5412');
--CON ESTOS USUARIOS FIJARSE EN EL CANAL ANTES DE INSERTARLOS
INSERT INTO TBL_USUARIOS (CODIGO_USUARIO, CODIGO_GENERO, CODIGO_TIPO_PERFIL, CODIGO_LUGAR, CODIGO_ACT_NOTIFICACIONES, CODIGO_ESTADO_ACT, CODIGO_COMPARTIR_HISTORIA, CODIGO_CANAL, CORREO_USUARIO, NOMBRE_PERFIL_USUARIO, PASSWORD, FECHA_REGISTRO, NOMBRE_USUARIO, APELLIDO_USUARIO, NUMERO_TELEFONO) 
VALUES(USUARIO.nextval, 2, 1, 1, 1, 1, 1, 43, 'JMEZA@GMAIL.COM', 'JMEZA', 'JMEZA123', TO_DATE(SYSDATE), 'JAVIER', 'MEZA', '8850-2356');
INSERT INTO TBL_USUARIOS (CODIGO_USUARIO, CODIGO_GENERO, CODIGO_TIPO_PERFIL, CODIGO_LUGAR, CODIGO_ACT_NOTIFICACIONES, CODIGO_ESTADO_ACT, CODIGO_COMPARTIR_HISTORIA, CODIGO_CANAL, CORREO_USUARIO, NOMBRE_PERFIL_USUARIO, PASSWORD, FECHA_REGISTRO, NOMBRE_USUARIO, APELLIDO_USUARIO, NUMERO_TELEFONO) 
VALUES(USUARIO.nextval, 1, 2, 5, 1, 1, 1, 44, 'KLAZO@GMAIL.COM', 'KLAZO', 'KLAZO123', TO_DATE(SYSDATE), 'KEYLA', 'LAZO', '8786-8599');
INSERT INTO TBL_USUARIOS (CODIGO_USUARIO, CODIGO_GENERO, CODIGO_TIPO_PERFIL, CODIGO_LUGAR, CODIGO_ACT_NOTIFICACIONES, CODIGO_ESTADO_ACT, CODIGO_COMPARTIR_HISTORIA, CODIGO_CANAL, CORREO_USUARIO, NOMBRE_PERFIL_USUARIO, PASSWORD, FECHA_REGISTRO, NOMBRE_USUARIO, APELLIDO_USUARIO, NUMERO_TELEFONO) 
VALUES(USUARIO.nextval, 2, 1, 1, 1, 1, 1, 45, 'LGALO@GMAIL.COM', 'LGALO', 'LGALO123', TO_DATE(SYSDATE), 'LUIS', 'GALO', '9850-1245');
INSERT INTO TBL_USUARIOS (CODIGO_USUARIO, CODIGO_GENERO, CODIGO_TIPO_PERFIL, CODIGO_LUGAR, CODIGO_ACT_NOTIFICACIONES, CODIGO_ESTADO_ACT, CODIGO_COMPARTIR_HISTORIA, CODIGO_CANAL, CORREO_USUARIO, NOMBRE_PERFIL_USUARIO, PASSWORD, FECHA_REGISTRO, NOMBRE_USUARIO, APELLIDO_USUARIO, NUMERO_TELEFONO) 
VALUES(USUARIO.nextval, 1, 1, 1, 1, 1, 1, 46, 'LCUEVA@GMAIL.COM', 'LCUEVA', 'LCUEVA123', TO_DATE(SYSDATE), 'LEYLA', 'CUEVA', '3352-2356');
INSERT INTO TBL_USUARIOS (CODIGO_USUARIO, CODIGO_GENERO, CODIGO_TIPO_PERFIL, CODIGO_LUGAR, CODIGO_ACT_NOTIFICACIONES, CODIGO_ESTADO_ACT, CODIGO_COMPARTIR_HISTORIA, CODIGO_CANAL, CORREO_USUARIO, NOMBRE_PERFIL_USUARIO, PASSWORD, FECHA_REGISTRO, NOMBRE_USUARIO, APELLIDO_USUARIO, NUMERO_TELEFONO) 
VALUES(USUARIO.nextval, 2, 2, 3, 1, 1, 1, 47, 'MPEREIRA@GMAIL.COM', 'MPEREIRA', 'MPEREIRA123', TO_DATE(SYSDATE), 'MARCO', 'PEREIRA', '9765-3561');
INSERT INTO TBL_USUARIOS (CODIGO_USUARIO, CODIGO_GENERO, CODIGO_TIPO_PERFIL, CODIGO_LUGAR, CODIGO_ACT_NOTIFICACIONES, CODIGO_ESTADO_ACT, CODIGO_COMPARTIR_HISTORIA, CODIGO_CANAL, CORREO_USUARIO, NOMBRE_PERFIL_USUARIO, PASSWORD, FECHA_REGISTRO, NOMBRE_USUARIO, APELLIDO_USUARIO, NUMERO_TELEFONO) 
VALUES(USUARIO.nextval, 1, 1, 1, 1, 1, 1, 48, 'HFUNES@GMAIL.COM', 'HFUNES', 'HFUNES123', TO_DATE(SYSDATE), 'HEYMI', 'FUNES', '9852-5632');
INSERT INTO TBL_USUARIOS (CODIGO_USUARIO, CODIGO_GENERO, CODIGO_TIPO_PERFIL, CODIGO_LUGAR, CODIGO_ACT_NOTIFICACIONES, CODIGO_ESTADO_ACT, CODIGO_COMPARTIR_HISTORIA, CODIGO_CANAL, CORREO_USUARIO, NOMBRE_PERFIL_USUARIO, PASSWORD, FECHA_REGISTRO, NOMBRE_USUARIO, APELLIDO_USUARIO, NUMERO_TELEFONO) 
VALUES(USUARIO.nextval, 2, 1, 18, 1, 1, 1, 49, 'OGOMEZ@GMAIL.COM', 'OGOMEZ', 'OGOMEZ123', TO_DATE(SYSDATE), 'OSCAR', 'GOMEZ', '8350-6338');
INSERT INTO TBL_USUARIOS (CODIGO_USUARIO, CODIGO_GENERO, CODIGO_TIPO_PERFIL, CODIGO_LUGAR, CODIGO_ACT_NOTIFICACIONES, CODIGO_ESTADO_ACT, CODIGO_COMPARTIR_HISTORIA, CODIGO_CANAL, CORREO_USUARIO, NOMBRE_PERFIL_USUARIO, PASSWORD, FECHA_REGISTRO, NOMBRE_USUARIO, APELLIDO_USUARIO, NUMERO_TELEFONO) 
VALUES(USUARIO.nextval, 2, 2, 15, 1, 1, 1, 50, 'PNIETO@GMAIL.COM', 'PNIETO', 'PNIETO123', TO_DATE(SYSDATE), 'PEDRO', 'NIETO', '3389-0000');
INSERT INTO TBL_USUARIOS (CODIGO_USUARIO, CODIGO_GENERO, CODIGO_TIPO_PERFIL, CODIGO_LUGAR, CODIGO_ACT_NOTIFICACIONES, CODIGO_ESTADO_ACT, CODIGO_COMPARTIR_HISTORIA, CODIGO_CANAL, CORREO_USUARIO, NOMBRE_PERFIL_USUARIO, PASSWORD, FECHA_REGISTRO, NOMBRE_USUARIO, APELLIDO_USUARIO, NUMERO_TELEFONO) 
VALUES(USUARIO.nextval, 2, 1, 10, 1, 1, 1, 51, 'JAGUILAR@GMAIL.COM', 'JAGUILAR', 'JAGUILAR123', TO_DATE(SYSDATE), 'JORGE', 'AGUILAR', '9853-6589');
INSERT INTO TBL_USUARIOS (CODIGO_USUARIO, CODIGO_GENERO, CODIGO_TIPO_PERFIL, CODIGO_LUGAR, CODIGO_ACT_NOTIFICACIONES, CODIGO_ESTADO_ACT, CODIGO_COMPARTIR_HISTORIA, CODIGO_CANAL, CORREO_USUARIO, NOMBRE_PERFIL_USUARIO, PASSWORD, FECHA_REGISTRO, NOMBRE_USUARIO, APELLIDO_USUARIO, NUMERO_TELEFONO) 
VALUES(USUARIO.nextval, 1, 1, 7, 1, 1, 1, 52, 'JLAZO@GMAIL.COM', 'JLAZO', 'JLAZO123', TO_DATE(SYSDATE), 'JULY', 'LAZO', '3255-2455');
INSERT INTO TBL_USUARIOS (CODIGO_USUARIO, CODIGO_GENERO, CODIGO_TIPO_PERFIL, CODIGO_LUGAR, CODIGO_ACT_NOTIFICACIONES, CODIGO_ESTADO_ACT, CODIGO_COMPARTIR_HISTORIA, CODIGO_CANAL, CORREO_USUARIO, NOMBRE_PERFIL_USUARIO, PASSWORD, FECHA_REGISTRO, NOMBRE_USUARIO, APELLIDO_USUARIO, NUMERO_TELEFONO) 
VALUES(USUARIO.nextval, 1, 1, 8, 1, 1, 1, 53, 'BBANEGAS@GMAIL.COM', 'BBANEGAS', 'BBANEGAS123', TO_DATE(SYSDATE), 'BESSY', 'BANEGAS', '9788-8956');


--TABLA ACCESOS
INSERT INTO TBL_ACCESOS (CODIGO_ACCESO, CODIGO_USUARIO, FECHA_ACCESO) VALUES (CODIGO_ACCESO.nextval, 7, TO_DATE(SYSDATE+1));
INSERT INTO TBL_ACCESOS (CODIGO_ACCESO, CODIGO_USUARIO, FECHA_ACCESO) VALUES (CODIGO_ACCESO.nextval, 7, TO_DATE(SYSDATE+2));
INSERT INTO TBL_ACCESOS (CODIGO_ACCESO, CODIGO_USUARIO, FECHA_ACCESO) VALUES (CODIGO_ACCESO.nextval, 8, TO_DATE(SYSDATE+1));
INSERT INTO TBL_ACCESOS (CODIGO_ACCESO, CODIGO_USUARIO, FECHA_ACCESO) VALUES (CODIGO_ACCESO.nextval, 9, TO_DATE(SYSDATE+1));
INSERT INTO TBL_ACCESOS (CODIGO_ACCESO, CODIGO_USUARIO, FECHA_ACCESO) VALUES (CODIGO_ACCESO.nextval, 10, TO_DATE(SYSDATE+1));
INSERT INTO TBL_ACCESOS (CODIGO_ACCESO, CODIGO_USUARIO, FECHA_ACCESO) VALUES (CODIGO_ACCESO.nextval, 11, TO_DATE(SYSDATE+1));
INSERT INTO TBL_ACCESOS (CODIGO_ACCESO, CODIGO_USUARIO, FECHA_ACCESO) VALUES (CODIGO_ACCESO.nextval, 12, TO_DATE(SYSDATE+1));
INSERT INTO TBL_ACCESOS (CODIGO_ACCESO, CODIGO_USUARIO, FECHA_ACCESO) VALUES (CODIGO_ACCESO.nextval, 13, TO_DATE(SYSDATE+1));
INSERT INTO TBL_ACCESOS (CODIGO_ACCESO, CODIGO_USUARIO, FECHA_ACCESO) VALUES (CODIGO_ACCESO.nextval, 14, TO_DATE(SYSDATE+1));
INSERT INTO TBL_ACCESOS (CODIGO_ACCESO, CODIGO_USUARIO, FECHA_ACCESO) VALUES (CODIGO_ACCESO.nextval, 15, TO_DATE(SYSDATE+1));
INSERT INTO TBL_ACCESOS (CODIGO_ACCESO, CODIGO_USUARIO, FECHA_ACCESO) VALUES (CODIGO_ACCESO.nextval, 16, TO_DATE(SYSDATE+1));
INSERT INTO TBL_ACCESOS (CODIGO_ACCESO, CODIGO_USUARIO, FECHA_ACCESO) VALUES (CODIGO_ACCESO.nextval, 7, TO_DATE(SYSDATE+1));
INSERT INTO TBL_ACCESOS (CODIGO_ACCESO, CODIGO_USUARIO, FECHA_ACCESO) VALUES (CODIGO_ACCESO.nextval, 10, TO_DATE(SYSDATE+2));
INSERT INTO TBL_ACCESOS (CODIGO_ACCESO, CODIGO_USUARIO, FECHA_ACCESO) VALUES (CODIGO_ACCESO.nextval, 11, TO_DATE(SYSDATE+2));
INSERT INTO TBL_ACCESOS (CODIGO_ACCESO, CODIGO_USUARIO, FECHA_ACCESO) VALUES (CODIGO_ACCESO.nextval, 15, TO_DATE(SYSDATE+2));
INSERT INTO TBL_ACCESOS (CODIGO_ACCESO, CODIGO_USUARIO, FECHA_ACCESO) VALUES (CODIGO_ACCESO.nextval, 16, TO_DATE(SYSDATE+2));
INSERT INTO TBL_ACCESOS (CODIGO_ACCESO, CODIGO_USUARIO, FECHA_ACCESO) VALUES (CODIGO_ACCESO.nextval, 16, TO_DATE(SYSDATE+2));
INSERT INTO TBL_ACCESOS (CODIGO_ACCESO, CODIGO_USUARIO, FECHA_ACCESO) VALUES (CODIGO_ACCESO.nextval, 10, TO_DATE(SYSDATE+1));
INSERT INTO TBL_ACCESOS (CODIGO_ACCESO, CODIGO_USUARIO, FECHA_ACCESO) VALUES (CODIGO_ACCESO.nextval, 8, TO_DATE(SYSDATE+3));
INSERT INTO TBL_ACCESOS (CODIGO_ACCESO, CODIGO_USUARIO, FECHA_ACCESO) VALUES (CODIGO_ACCESO.nextval, 7, TO_DATE(SYSDATE+3));
INSERT INTO TBL_ACCESOS (CODIGO_ACCESO, CODIGO_USUARIO, FECHA_ACCESO) VALUES (CODIGO_ACCESO.nextval, 10, TO_DATE(SYSDATE+3));
INSERT INTO TBL_ACCESOS (CODIGO_ACCESO, CODIGO_USUARIO, FECHA_ACCESO) VALUES (CODIGO_ACCESO.nextval, 15, TO_DATE(SYSDATE+3));
INSERT INTO TBL_ACCESOS (CODIGO_ACCESO, CODIGO_USUARIO, FECHA_ACCESO) VALUES (CODIGO_ACCESO.nextval, 16, TO_DATE(SYSDATE+3));
INSERT INTO TBL_ACCESOS (CODIGO_ACCESO, CODIGO_USUARIO, FECHA_ACCESO) VALUES (CODIGO_ACCESO.nextval, 9, TO_DATE(SYSDATE+3));
INSERT INTO TBL_ACCESOS (CODIGO_ACCESO, CODIGO_USUARIO, FECHA_ACCESO) VALUES (CODIGO_ACCESO.nextval, 11, TO_DATE(SYSDATE+3));
INSERT INTO TBL_ACCESOS (CODIGO_ACCESO, CODIGO_USUARIO, FECHA_ACCESO) VALUES (CODIGO_ACCESO.nextval, 12, TO_DATE(SYSDATE+3));
INSERT INTO TBL_ACCESOS (CODIGO_ACCESO, CODIGO_USUARIO, FECHA_ACCESO) VALUES (CODIGO_ACCESO.nextval, 13, TO_DATE(SYSDATE+3));
INSERT INTO TBL_ACCESOS (CODIGO_ACCESO, CODIGO_USUARIO, FECHA_ACCESO) VALUES (CODIGO_ACCESO.nextval, 14, TO_DATE(SYSDATE+3));
INSERT INTO TBL_ACCESOS (CODIGO_ACCESO, CODIGO_USUARIO, FECHA_ACCESO) VALUES (CODIGO_ACCESO.nextval, 15, TO_DATE(SYSDATE+3));

--TABLA USUARIOS BLOQUEADOS
INSERT INTO TBL_BLOQUEO_USUARIOS (CODIGO_USUARIO, CODIGO_USUARIO_BLOQUEADO, FECHA_BLOQUEO) VALUES (7, 8, TO_DATE(SYSDATE)+2);
INSERT INTO TBL_BLOQUEO_USUARIOS (CODIGO_USUARIO, CODIGO_USUARIO_BLOQUEADO, FECHA_BLOQUEO) VALUES (10, 8, TO_DATE(SYSDATE)+2);

--TABLA CATEGORIAS PUBLICACION
INSERT INTO TBL_CATEGORIAS_PUBLICACION (CODIGO_CATEGORIA, DESCRIPCION_TIPO_CATEGORIA) VALUES (CODIGO_CATEGORIA.nextval, 'COMIDA');
INSERT INTO TBL_CATEGORIAS_PUBLICACION (CODIGO_CATEGORIA, DESCRIPCION_TIPO_CATEGORIA) VALUES (CODIGO_CATEGORIA.nextval, 'ARTE');
INSERT INTO TBL_CATEGORIAS_PUBLICACION (CODIGO_CATEGORIA, DESCRIPCION_TIPO_CATEGORIA) VALUES (CODIGO_CATEGORIA.nextval, 'ARQUITECTURA');
INSERT INTO TBL_CATEGORIAS_PUBLICACION (CODIGO_CATEGORIA, DESCRIPCION_TIPO_CATEGORIA) VALUES (CODIGO_CATEGORIA.nextval, 'NATURALEZA');
INSERT INTO TBL_CATEGORIAS_PUBLICACION (CODIGO_CATEGORIA, DESCRIPCION_TIPO_CATEGORIA) VALUES (CODIGO_CATEGORIA.nextval, 'DECORACION');
INSERT INTO TBL_CATEGORIAS_PUBLICACION (CODIGO_CATEGORIA, DESCRIPCION_TIPO_CATEGORIA) VALUES (CODIGO_CATEGORIA.nextval, 'ESTILO');
INSERT INTO TBL_CATEGORIAS_PUBLICACION (CODIGO_CATEGORIA, DESCRIPCION_TIPO_CATEGORIA) VALUES (CODIGO_CATEGORIA.nextval, 'COMICS');
INSERT INTO TBL_CATEGORIAS_PUBLICACION (CODIGO_CATEGORIA, DESCRIPCION_TIPO_CATEGORIA) VALUES (CODIGO_CATEGORIA.nextval, 'MUSICA');
INSERT INTO TBL_CATEGORIAS_PUBLICACION (CODIGO_CATEGORIA, DESCRIPCION_TIPO_CATEGORIA) VALUES (CODIGO_CATEGORIA.nextval, 'HUMOR');
INSERT INTO TBL_CATEGORIAS_PUBLICACION (CODIGO_CATEGORIA, DESCRIPCION_TIPO_CATEGORIA) VALUES (CODIGO_CATEGORIA.nextval, 'DEPORTES');
INSERT INTO TBL_CATEGORIAS_PUBLICACION (CODIGO_CATEGORIA, DESCRIPCION_TIPO_CATEGORIA) VALUES (CODIGO_CATEGORIA.nextval, 'TV');

--TABLA SEGUIDORES
INSERT INTO "INSTAGRAM"."TBL_SEGUIDOS" (CODIGO_USUARIO, CODIGO_SEGUIDOR, CODIGO_SOLICITUD) VALUES ('7', '9', '1');
INSERT INTO "INSTAGRAM"."TBL_SEGUIDOS" (CODIGO_USUARIO, CODIGO_SEGUIDOR, CODIGO_SOLICITUD) VALUES ('7', '11', '1');
INSERT INTO "INSTAGRAM"."TBL_SEGUIDOS" (CODIGO_USUARIO, CODIGO_SEGUIDOR, CODIGO_SOLICITUD) VALUES ('7', '12', '2');
INSERT INTO "INSTAGRAM"."TBL_SEGUIDOS" (CODIGO_USUARIO, CODIGO_SEGUIDOR, CODIGO_SOLICITUD) VALUES ('8', '9', '1');
INSERT INTO "INSTAGRAM"."TBL_SEGUIDOS" (CODIGO_USUARIO, CODIGO_SEGUIDOR, CODIGO_SOLICITUD) VALUES ('8', '10', '1');
INSERT INTO "INSTAGRAM"."TBL_SEGUIDOS" (CODIGO_USUARIO, CODIGO_SEGUIDOR, CODIGO_SOLICITUD) VALUES ('8', '7', '1');
INSERT INTO "INSTAGRAM"."TBL_SEGUIDOS" (CODIGO_USUARIO, CODIGO_SEGUIDOR, CODIGO_SOLICITUD) VALUES ('8', '12', '2');
INSERT INTO "INSTAGRAM"."TBL_SEGUIDOS" (CODIGO_USUARIO, CODIGO_SEGUIDOR, CODIGO_SOLICITUD) VALUES ('9', '7', '1');
INSERT INTO "INSTAGRAM"."TBL_SEGUIDOS" (CODIGO_USUARIO, CODIGO_SEGUIDOR, CODIGO_SOLICITUD) VALUES ('11', '7', '1');
INSERT INTO "INSTAGRAM"."TBL_SEGUIDOS" (CODIGO_USUARIO, CODIGO_SEGUIDOR, CODIGO_SOLICITUD) VALUES ('15', '7', '1');
INSERT INTO "INSTAGRAM"."TBL_SEGUIDOS" (CODIGO_USUARIO, CODIGO_SEGUIDOR, CODIGO_SOLICITUD) VALUES ('15', '8', '2');
INSERT INTO "INSTAGRAM"."TBL_SEGUIDOS" (CODIGO_USUARIO, CODIGO_SEGUIDOR, CODIGO_SOLICITUD) VALUES ('15', '9', '1');
INSERT INTO "INSTAGRAM"."TBL_SEGUIDOS" (CODIGO_USUARIO, CODIGO_SEGUIDOR, CODIGO_SOLICITUD) VALUES ('15', '12', '1');
INSERT INTO "INSTAGRAM"."TBL_SEGUIDOS" (CODIGO_USUARIO, CODIGO_SEGUIDOR, CODIGO_SOLICITUD) VALUES ('15', '14', '1');
INSERT INTO "INSTAGRAM"."TBL_SEGUIDOS" (CODIGO_USUARIO, CODIGO_SEGUIDOR, CODIGO_SOLICITUD) VALUES ('16', '15', '1');
INSERT INTO "INSTAGRAM"."TBL_SEGUIDOS" (CODIGO_USUARIO, CODIGO_SEGUIDOR, CODIGO_SOLICITUD) VALUES ('16', '10', '2');
INSERT INTO "INSTAGRAM"."TBL_SEGUIDOS" (CODIGO_USUARIO, CODIGO_SEGUIDOR, CODIGO_SOLICITUD) VALUES ('16', '9', '1');
INSERT INTO "INSTAGRAM"."TBL_SEGUIDOS" (CODIGO_USUARIO, CODIGO_SEGUIDOR, CODIGO_SOLICITUD) VALUES ('16', '11', '2');
INSERT INTO "INSTAGRAM"."TBL_SEGUIDOS" (CODIGO_USUARIO, CODIGO_SEGUIDOR, CODIGO_SOLICITUD) VALUES ('10', '15', '1');
INSERT INTO "INSTAGRAM"."TBL_SEGUIDOS" (CODIGO_USUARIO, CODIGO_SEGUIDOR, CODIGO_SOLICITUD) VALUES ('10', '16', '1');
INSERT INTO "INSTAGRAM"."TBL_SEGUIDOS" (CODIGO_USUARIO, CODIGO_SEGUIDOR, CODIGO_SOLICITUD) VALUES ('10', '9', '3');
INSERT INTO "INSTAGRAM"."TBL_SEGUIDOS" (CODIGO_USUARIO, CODIGO_SEGUIDOR, CODIGO_SOLICITUD) VALUES ('10', '14', '3');
INSERT INTO "INSTAGRAM"."TBL_SEGUIDOS" (CODIGO_USUARIO, CODIGO_SEGUIDOR, CODIGO_SOLICITUD) VALUES ('11', '12', '1');
INSERT INTO "INSTAGRAM"."TBL_SEGUIDOS" (CODIGO_USUARIO, CODIGO_SEGUIDOR, CODIGO_SOLICITUD) VALUES ('11', '15', '3');
INSERT INTO "INSTAGRAM"."TBL_SEGUIDOS" (CODIGO_USUARIO, CODIGO_SEGUIDOR, CODIGO_SOLICITUD) VALUES ('11', '10', '1');

--TABLA PUBLICACIONES
INSERT INTO TBL_PUBLICACIONES (CODIGO_PUBLICACION, CODIGO_TIPO_PUBLICACION, CODIGO_USUARIO, CODIGO_EXTENSION_PUBLICACION, CODIGO_CATEGORIA, NOMBRE_ARCHIVO, ARCHIVO, FECHA_SUBIDA_ARCHIVO)
VALUES (CODIGO_PUBLICACION.nextval, 1, 7, 2, 8, 'COMIC1', 'https://hips.hearstapps.com/hmg-prod.s3.amazonaws.com/images/vengadores-infinity-war-poster-1551691493.jpg', TO_DATE(SYSDATE));
INSERT INTO TBL_PUBLICACIONES (CODIGO_PUBLICACION, CODIGO_TIPO_PUBLICACION, CODIGO_USUARIO, CODIGO_EXTENSION_PUBLICACION, CODIGO_CATEGORIA, NOMBRE_ARCHIVO, ARCHIVO, FECHA_SUBIDA_ARCHIVO)
VALUES (CODIGO_PUBLICACION.nextval, 1, 7, 2, 8, 'COMIC2', 'http://cinesvalderaduey.com/3238-home_default/capitana-marvel.jpg', TO_DATE(SYSDATE));
INSERT INTO TBL_PUBLICACIONES (CODIGO_PUBLICACION, CODIGO_TIPO_PUBLICACION, CODIGO_USUARIO, CODIGO_EXTENSION_PUBLICACION, CODIGO_CATEGORIA, NOMBRE_ARCHIVO, ARCHIVO, FECHA_SUBIDA_ARCHIVO)
VALUES (CODIGO_PUBLICACION.nextval, 1, 10, 2, 10, 'HUMOR1', 'data:image/jpeg;base64,/9j/4AAQSkZJRgABAQAAAQABAAD/2wCEAAkGBxISEhUSEhIVFRUXGBYYFxcYFhcXFRUVFRYWFhcVIBYYHyggGBslHRYVITIhJSktLi4wFx8zODMtNygtLisBCgoKDg0OGxAQGy0lICYtLy0vLS4tLS0tLS0tLS0tLS0tLS0tLS0tLS0tLS0tLS0tLS0tLS0tLS0tLS0tLS0tLf/AABEIANwA5QMBEQACEQEDEQH/xAAcAAABBQEBAQAAAAAAAAAAAAAAAQMEBQYCBwj/xABIEAACAQIFAgMGAgQLBgYDAAABAgMAEQQFEiExBhMiQVEyYXGBkaEHFCNCcrEVMzVSYnOCs8HC0RYlNKKy0kNTkpPh8CRjg//EABoBAAEFAQAAAAAAAAAAAAAAAAABAgMEBQb/xAA2EQACAgIBAwQBAwEHBAIDAAAAAQIDBBESBSExExRBUTIiYXGBFSMlNZGhwSQz0fA0QgZSsf/aAAwDAQACEQMRAD8A9hUVkQg5vSLLejrtmpfazG8w7ZpPaTF5h2zR7SYcw7Zo9pMOYds0e0mHMO2aPaTDmHbNHtJhzDtmj2kw5h2zR7SYcw7Zo9pMOYds0e0mHMO2aPaTDmHbNHtJhzDtmj2kw5h2zR7SYcw7Zo9pMOYds0e0mHMO2aPaTDmHbNHtJhzDtmj2kw5h2zR7SYcw7Zo9pMOYds0e0mHMO2aPaTDmHbNHtJhzDtml9rMTmHbNDxpoVTRxVccdw81Pi/mMmPVqkQl6cAXoAL0AF6AC9ABegAvQAXoAL0AF6AC9ABegApACgApQC9ABegAvQAXoAL0AF6AC9ABSABoAAaAA8Uyz8WCXcj1ilg7h5qxi/mMmPVqkQlAAKTYbCk5AFqXYBSgFABQAXpQEJoAS9AC70CbC1AbEtQApvQGw3oEC9AoopBQoAKA2FG9gFABQAtNbASlABSgBpln4sVeSPWKTncXNWMX8xkx6tUiEFAGV6vTGGRPy3d06PFoNhq1Hn32rSwHj6fra/bZidU91zXo70ZbCZjjpWKxzTOwBJAO9gbE/etSyjEhFSkkkYteRm2S4xb2b/IXkTCo2JJDjUWLmxA1Na5PutXP38Hc1X4Onw5yjQnd2fyS8LmEMptHKjkeSsCfoKjlXOPlaLNd9Vn4y2dti4w2juJr/AJuoauL8c8U3Ta2kDurT033OMNjopCRHIjleQrA2+NqdKEorcloIXVzeovYkmOiVxG0iK5tZSwDG/uoUZNbS7CSvqjLi5dxyDExuSFdWI5AYEj4gcU1qSW2h8bISeovY3PmUEbaHljVv5pcA/Q06NdkltIjnk1RepSRLBpmyZaa2Nz4lEF3dUB2uxAF/TelSlLwMnOMPyejiXHRqoZpECt7JLABvgTzRxk3pIJW1pbbCTGxqQGkQFraQWALA8W9aFGTW9A7K12bOY8fEzmNZELi91DAsLc7UShNLk12EjdXKXFPbDF4yKIDuSIl+NTAX+tLGE5/itiWX11/m9BhcVHILxurj+iwNvpRKMoPUlodC6E/wex8GmseVec5mgimVJlEqxuQAw1ghSeOb1NTXJzjyXZsp5OTBVyUZd0ir6JzFmgleeUm0gGp24BVdrn3n71a6jSq7VGtfBT6TkOVLnZL5NF+dj0dzuJo41ahpvxa/FUVGW9a7mr6teuXLsdHFJo7mtdFr6tQ029b8UnGW9a7i+rBQ577fZjut84YdpsPOdJElzGwsSNFtx5i5rV6djRlz9RGB1XMcXB1S8mvkxKRoGkdUG27MAL/E1lqMpSaijcVkYQTmxMLj4pL9uRHtzpYG30pZwlD8loK8iux6i9kiorPxZOvJHrFJzuHmrGL+YyY9WqRCCgBaa0I/DPO+gf8AipP6t/8ArWt3qn/xof0OX6P/APMl/Ul/iJim1xQ3sltbfG+kG3nax+tR9JqTUp+X8E3XLXyjXvSfkz+OxWHikjkwbv4bFtVwbgj18iORV2ELbK5RvS/YzpzqqsjLHb/cs+oYDLmPbU6S/bW/oGjAP2vUGNJV4bk1vWyzlwduaoJ+UgyHDHD5mIQ17FlJ4upjLjb6fSjJmr8P1NBiVvHzeGxjJss/PTzl3KkXe43OosQOfIWp19/tqYKK8jKMf3V83J+NjnSWKMQxco9pIi3xYE/403qEVNVL7YvTZut2v6Q1leRifDT4hnbUuojghiq6yTfm96fflehdGmK7DKMP3NM7pPuab8PsWz4dkY37bWX9kgED5G9Z/VKowuXH5Rr9FulZS+Xwxr8Rv4iP+s/yNT+kr++a/Yj67/2o/wAlR1T/AMDgv2P8i1YwEnk2FPqD/wClpG+sL68JY2PZjsfQ32P1p2Brja2vkOpJuVSXyhubLjhMdCgcsdUTX4PjbSw+x+tOjesnFm2vG/8AYidLxcuEU9+Cz6mwuFGJMk+IY8foVW7BQLBdQNlF997c1Uw7L1VqqP8AVlzPpod3K2W/2IfRsoGOKoGVGD2Vva0jxLf3irPUI7xlKWm/tFbplmspxhtL6Zus2mMcMrjlUcj4hSRWJWuVkV+50mTJwpk18I82yvJu9h58QXIMd7DyYgamueeDXRZGSqboVJeTkqMX1qZ3NvaJGA/kzE/10f746Zav+uh/BJR2wLP5RKm/kdP60/3r1FFf4i1+3/BYk/8ADE/3/wCSLneIIwODjB2IkYj1KtYf9Rp+PCPurJP4IsqbWJVFfJH6myT8r2xrLa0LG/kwte3u3H0qXCynfz2vBBn4ft1DvvZo+r8LAzxvPiSgCgCMJqYi/iIsdieLkW2rNwrLYqSrjv8Ac1uo10vi7Za7eChyqaMY6I4cOqFlUBz4iGFj8jWhdGUsSXqab/YzceUYZkVVtR/c9OauZn+DOwT7kesYsHcXNWMX8xkx2tUiAUMBaa/Ij8GF6Ly6aPEuzxOq6HF2UgXLqRv8q1+oXQspjGL21o57pWPZDJlKS7dyf1vk8koSaIFmS4Kjclb3BA87Hy99RdPyI18oWeGWuq4kreNkFtohYLFY2eVVGGjiUW1lotrX3PiF7+gFS3V49cG+bb+O5UpnfdYo+mkl52hzHYCU5okgibthozqsdIASx3pK76/ZOG+4+6iz38ZpdgTL5f4V7vaft6idek6f4ojnjnamu+HsvT33BY9vv+eu32Q1yXEpiHOEkXQ5PjV0IVWNyrDm49wqZZVMqYq6L2vBDLEvruk6ZLT3sb6HwokOJiPDRaSfixF6k6pZxjXNfZH0ivnOyD+tDKQ47DLLhViYrJcEhCwNxpJVhsLj14p0p4t8o3Sl3Q2NeXjxlRFbTNd0jlLYaGz+251MB5bABb/AfesvNyFdbuPg2+m4jx6tPyxrrjL3lw47alijhtI5IsQbevN6f0+6NV25fJH1bHldTqPwY7FZfjpYIw0TlI7oi6CGAtyRz5AXNasLsWq2Ti+7MSePl21xUl2RbdTZZM8mFKROwWOMNZSbEMCQfQ1TxL64wtTfkvZuPbKypqLetbJHUuXyvj4pEjZkHZuwBIGmRid/cKbi31xxpxb7vYubjzllQnGL127kPMMJiIMc8ww5mDMWXYlTqFhuAbEf4VJXbVZi+ny0Q3U3VZTs48t+B7IsBiVx/dmiYatZLAHQC63Av7uPlTci6l4yrg/A/EoujmepOOtm0xkAkjeM8OrKf7QI/wAayYy4yUvo6C2HODj9o84wuBx8YlwyxsFe+s6TpIA5VuNwLbVv2XYtjjdJ90crGnKrUqYLsyxynJpjgMREY2V2cMqsNJbSEPn8CKr35dfu4WJ9izjYdjw7INae9lUmBxz4cxdt+0jatJQhixPl5kC5NW5XYsbvU33ZUjRlTqdev0otczySV8Dh7RnuRB9SW8Wlib7euwNqq05dccqe32l8ly7CtniQ0u8SszTC4/EIjyRO2kFFAQhrWF2I9+259KsVW4tLlGL8lO+nLvjFzj48Fn1RgJlxSTiEyraPw6SwunKEAG3r86r4d1bplW5afct52Pcro2ceS0hs4TFPjIZ5MOVBaM2UEhEBsAfeOfnR6tMMaVUZb/5GejkTyo2yjrwSsPJOM00u0gRmlKqWbQV0Nawva1Q3Kr2DaS2izXK5dQ1JvX1s1tcgdOdw81YxfzGTHr1qkQlADTYuMNoLoG28JYBt+Nr3peL1vXYjdsFLi33HaQeIN6BRRSCCigApHsNIwuadMywyPNDiI4lcm5ZjGRrNytwNxWvTm1zgoWQbaOfu6fZXY5wmkmWfSuChwqMxxETM59oMumy/qi535ufiKr5t075aUWkiz06mrGi25ptmnqia4UCjS4qMtoDqW/m6hq293NK4vW9EfqxcuKfcdtSDwoADQIwo0KFAoClEAUgaA0aA5IpQFFAoUALSAFqAKiDJyMU+Jdy5I0xr5RqRuPrf6mpLb90eml/JTrxWsh2ye/onVz5qHcPNWMX8xkx0VqELeu5VZNn0WJZljDgqATqAGxNvImrORizpipS+Spj51eRJxh8GSzwf71X+sg/yVqY6XsW/5MHLf+IL+h6Aawkzqvko806rggcxnU7D2tIBC+65I391XacC26PJL/UzcnqlNMuL8/sT8vziGaIzI3hF9V9ilhc3HltVe2mdc+El3LFOXXbX6ifYpz1zhtVtMtr+1pH1te/2q3/Zl2vj/UpPrFH76/g00MgdQym6sAQRwQRsaoSTT0zUhJSipIwH4hY4PIkK3/R3Lel3CkEeu163OlUPTs/0Ob6zkpzjX9eStz+GEQ4cw6tDd4+O2q4KKePLw1PiOz1LPU89iplxrVdcqz0DNc5iwyK0hNyPCq7sbAeXp76wqKJ3zcYI6W3Khj1xc38DOTdSwYltC6lfnSwAuBzYgkGnZOFZRHcl2/YbidSpyHqPkp8JFh/4TYh5e9qe6lV7d+2b788VYs9X2ibS4/7lGpUvNem+X+xZ5r1XBh3MZ1Ow9oKAQvuJJG/uqKjAtujyiuxbyeqU0y4vyT8tziGeMyo3hW+q+xSwubjy23qC2mdU+El3LNOVXdDnF9imPXOG1W0yEfztI+tr3+1W1021rfb/AFKL6xTv51/BpIJldVdCCrAEEcEHiqEk4vTNOE1OKlHwV2L6ghinWBw4dtIBsNPjNhvf124qevGnOt2LwirbnV12qp+WGMz+KKdcOwcyNptYAjxGwub/ADpa8ac63YvCFtza67VU/LIWZdYYeFzHZ3ZTZtIFgfMXJFzUtXTrrY812RXv6tTVPg+/8E3L8/hmiklTVaMEupADAAE8XseDUNuPOqahJeSxRm1XQc4/BXt1thtGoCQ3JAXSNWwBvza29WP7Nu5a0Vn1jHS2LiOscMiow1sWF9IAuu9vFc7HY0ken3ybWvAs+rUKKe/JbnNohD+Y12jIvf7Wt632tVT0p+p6eu5deVWqvVb7FThOs8NI4Q60vsGYALf32JtVuzp11ceTRRr6tTZPiTs7z6LC27mos3CqASQPPc7CoMfGne3x+C1k5tWPrl8jWT9Sw4liialcAnSwAuBzYgm9qTMw7KYNy8fsMxOo1Xz4ryWNc4a53FzU+L+Yyfg7mlVFLMbKBck+QFayTb0vJXnJRi5SMl0I8TPM0ULJstyZC97liBYgW4+9aGfGyMYqct/t9GN0uVcrJuuOirz5gM0UnYdyA/KyVdx1vAev3KOYl/aC/obtcUh4dSfIagST8KwlXJJbTOkldB7UZLejC9D4KOeSYzKHNgbNvYuzam+O3Pvrb6hbOuEFDsjnel0wtssdvdjfSeFMn5vDq1laKwPlcMQp+5pc+fBVWvyN6dBzV1afYYP5nCx9uXDo0QbV401LqPo6+vv9ak/ucifKE2pMi/vcevjZBOKN/kWLSTDxvGgRSNkFrLYkFdvK4NYd9coTcZPudNi2RsqjKK0jG/iNAqyRuqgM4bUfXToA+1a/SpvhNfRhdZrirIPXkTr7DJEMOkahVCykAcblCfuTR0ubl6jkN6vCMPSUV2OuoFEmYxRvun6EW8tJ3I+ZJpMV8MSco+e4mXHnmQjLx2OM7w6Q5jD2VCXMJKgWALOVOw4uKMWcrMOfqdxcquFWdFV9vA/gv5Yb9uT+7pLF/h8f6C1/5lIY6Jwcc88xnUOdN7NuLux1G3r7/fTuoWSqqr9NjenVQtusdn+5x0lhjI+LgU2V43UHy2bSp+5p2fJRhVZLyHT4OU7a4sjsMVhE7cuHR4tVzrTUmr1Dqdvn60/+4yZcoSakQ/3+LHjOCcfs3uQYlJcPG8aBFItoHCkEggW8rg1h31uFjjLydNh2RspUorRnPxDwpHZxC8qdJ+R1p9wfrWh0ue+dT+UZPWIcZQuX2NZEwxWZST8qguv0CL/mNOyt0Yiq+WyLDayMyVr8JDSYqNsRIMDhAz+IF3Yld28T6CbC58770elKNad89L4SEdsJXSVFe38sidJ7LjR/+hr+lxqqfP1/dNfZB07f98n9DGTZfG+DxUrLd0A0Hfw7X+9TZV84ZNcV4ZDiUQni2za7oXDZdGcvlnK/pBIAG32F0Fv+Y0WXzWbGtPtoK8eDwJWNd9hjpT/B2GXyMk1/7LNYfc02mK95N/Oh10n7CtfHImdU5bDFhMM0agMbAkcsGTUSfXf99QYF1k75xk+xP1CiuuiuUUSM3yzESphcVENbrFHcbXDL4gbN7V78VHj31QdlU/DZLkUW2Rruj50HT+a3xQSfDosz3HcCaHDaDyD6gWuLUzNxl7dyrm3H6HYGX/1KjZBKT+TZVx51R3FzU+L+YyZlvxGncRRoCQrM2r3lQCo/eflXUdKhGVrbOe65OUa1rwyHl+fRYURQYZBLrsZGuVPccgW4+3ltUl2LbdztseteP4IKc6vHUKqVvfn+WSuoelJcRO8qyRgNp2bVfZQPIe6m4nUY018Gtkmb0uy+7mnrYzk3Rk0M8crPGQjajbVcix93vp2T1KFtbgo+RmL0myq1WSfgczLpCXuvJhpQge9xqZSNXtLdRut/KmVdRhwULY70Pv6XYpuVUtJ+SwynpZYsPJEz+OUAMy7abeyB7gfrUF+a7LYz12XwWsbpqqplBvu/kp16SxgUw/mE7TG5G++43ta/kNr1a9/QpeoofqKL6Vk64c/0mvyzACCJIlNwgtfzJ5J+ZJrLstds3J/JuUU+lWoL4KXqzp+TFGMo6roDA6r/AKxX0Huq3iZaoUk15KOfgyyJRafgXqzp+TFGPQ6LoDA6r76tPFh/RpcPLVHLt5EzunyyHHT8HXU3Tn5nS8bBZVAG97MBuNxuCDwffSYmZ6DaktpiZ3TXdpxepIiZL0w8cv5nEyh2TxDdm3A9osebDyqTIz1Ov0qlpMjxemyrn618ttFZkuIWXNe4hurNIQfUdsi9WsiDhgKMvPYo4tis6i5Lx3J2adIS91pMNKED3uCWUjV7QBXkH0qvV1CHpqFkd6Ld3Sp+pzqlrZYZP0qsUEsbPd5RZmXbSB7IX4Hf31BkZrtsUtdl8FjG6b6VUo77v5KgdJ40IYRiE7TG7C5343ta/kNr1a99jb58P1FP+zMzThz/AEs12VYJYIkiU3Cjn1JJJPzJrMssdk3N/Jt49PpVqC+BnPsB+YgeIEAmxUngMDcHb/7vT8e30bFP6GZmP69LrIfSuSHCowcqzM1yVvbSBYDf4n60/NyvcTT+iDp+F7aDUn5KeLpPExyuYZ1RHuCRfVoJva1uR63q3LqNM60px20UY9MuhY3XLSZJyfpaWD8wNaFZI2Rebi99JO3od6iyM9XcXrwSYvTZ08+/laO8r6ZljwuIgLoWl9ki9h4bb7Ul2dGy6NuvAtHTp1486m/IsHTUowUmG1prZwwO+kC6G3F/1TRLOjLJV2uyQQ6dJYjp33bO4+mL4MYaRhrVmZXFyFYsSOeRYkGkea1f60f9B66byxfRl5T7FVh+ip2KrPMDEvADMx0+agHZb1Zl1KtJuuOmypDpFzklZLaRbdR9NvM6SQSBGQAWJIHh9kgjgj/SquLlRrTVkd7LmZg2TalXLWhrKOm5hOMTiZQ7qPCB62K3JsOATsBS5ebB0uuqOkMw+n2K5W2y2zQ1yp0J3FzVjF/MZMazPL450Mcgup9NiD5EHyNbFVsqpcoeSnkY8L4cJ+CsyvpPDwSCRS7MPZ1EWU+tgBvVi/PutjxZTo6VTTLki7FU9GmzujQgUCBQLsBRoNhQIcmlFQhoFFAoEZxiIA6shvZgVNubEWNCbi00MnHnFxZVZJ0zDhnMiF2a1gWINh52sBVm/Ntvjxn4KeN06rHlyj5LqqpfAUAcmgBKcGzpRSAAoAUCkAKNAFAeQoA5ehJBsVaNAgoF2B4ptn4sVEesUnO4easYv5jJjtapEBo0Ai0AdGgQj5ji1hieVvZRSxtzsOKjsnxi2Pqg5yUUYfBdczyFpO3H20cqyWOqwbS2mTVZiPTTvYiqXu5RnpmjbgwjVzjJm8gnV0V1N1YAj4EVfhJSW0ZR1TgFC0mxUFqUBTQIHnQKKKQBKA0AoDRVnP4RiBhfF3L29nw306+fhU/trHX6vwU3nVet6PyWhqEuCEUbDQzi8SIo2ke+lQWNtzYb8URi5SUUMtsVcXJ/AxlGbx4lS8eqwOk6hY3sD/iKkuonTLjMhxsmGQuUCcai2WWV2c51Fhgpl1eIkDSL8C9S049lzagVcnLrx1uZOw8odVccMAwv6EXFRNcW4v4LEJKSTR0aNjtCClAWgUDxUdn4sF5I9YxYO4easYv5jJjtapEIaUBRxSMQWgCq6qQnBzhedG3n5iq2U9VSY+qbrny+jytcvEYUlkCDdVHBsb+e/Pp87Vz0rHN7NS7qSlS64LRdZT1m2HPbVO5GdwGbSUvzZrG4+XnV7GyJVLT8GQvHc0TdfYcKP0cpcj2LL/1X4+VW5Z8EvAFfhutsQ8jDtRBUF2UltVgLka72BHrbm4ttcpHMe/BfpwXOv1G9I2+ExKyIsi+ywDD4EXrQjJSW0UpwcW0x404YHnQKFIIZ3qvqJsLoSNAzvvvfSBew2HJJ8quYmLG9tyekjOz82ePpQW2yBl/VOIWdIcVEF1lQLAgjVspsSbi+1T24FTrdlUt6KmP1O71lXdHWyJJ/LI/aH9xUy/y7/wB+yu/8zN2axjpGzFY7rGVpGXDRB1W+5VmJCmxay8CtWvptfBStlrZgXdWu5tUx2kTMH1GMThJ2aNdcaNqQ7owINvfY2O1QW4bqvgk+zfZlqrqHr483Jd0u6OOnc4jTCSzmFIwjkaY9tR0rbk8kkCpMvFm71Vybb+WRYWZCOPK3ikkQR1higveOHXslrcN9Nd+ffapn02nfpqf6iBdXvS9Rw/SL1zjFmw2HlT2WLEf+kXHxB2pelVuu6cH9B1i1W0VzXyyzzLPxhMNhwFDSNGlgTsAFW7H68VUoxPcXS+FsuX53taIa7vREynq6UzLFiYgmsgAgMpBb2bq17g+tTZHToKtzqlvRBjdVs9RQujrZsFrL2bxk886skSYwYeMOy7E2ZrkcgKu+3rWlj4EZ1+pY9Iwsvqk4WenUtsm9MdR/mdSOoWRRfa9mHF7Hi221V8/D9CO4vaZZ6d1B5DcJLTRcVzJuHcXNWMX80MmO1qkQhpQFXikYgtAFd1DGzYaRVvcgA25038X2qtlRcq2l8innYyKEn9JIQPiP9axPT0PiuxYYLp3Bt4QSD5EG/wBgxNOjyfkRog5llUmDkEqN3IjsSN9PxB4qO1iOOyti6fkxUhgQ2WQhnN/ZUEM1/Ox/zWqTEUpWo1qs6v2/py8nr+CwqxRpGvCKFHyFq34LjHRkzk5PbHjTxgUAFIKjJdXZ5NHKmHhKqWCkuQD7TaRudgBa97VpYWNCcJWz7pfBidSy5wtjVD5+TPZhh2TGQq85mfXCWa97EyDwjfyFvrV+mSljTajxXczLYyjlQTlyfYspf5ZH7Q/uagX+Xf8Av2Wdf4mv/fg3MoJBA5INvjasZeToppuL0YD8P8ZFCZhK6oSFtqNvZLahv58bVtdTrnZGDrXY5vpVtdUrFb5LY5vBPhcUIIymmNr+BVBuGt7J9xNVPb21XV+p9r5L8sqm6iz01rt9GewyE5bLbgTqT8NKj95Fadsks6O/oyK4yl0+Wvs7w+Hd8KuvGxpFe3bYeywa9thfnemWWRhkNqpuX2LXVKzHSdqS+jvqDCiPA4ZBIsg1ykMvskG52v8AGkwbPUyZy1rsSZ1Xp4lcd77idT+GTBu3sdmD6I12+xFNwu9dsV52wz+1tUn40h3rHFJPioRCwc2UXU33Z/CNvr86bgVyqonzWl+47qNkLb6/Te/B6Cp3rER1Oux5/wBOzpDj5u8wTeUAsbC5kvyfUVtZUJWYcPTWzmMKcKs2fqdjvpZhJmEske6fpTfy0swt9djTeo/pwoxl5H9N/VnTnHwbauLOsO4easYv5jJjtapEJSiAtIB0aAOaH4A8Lz3qK2JlBBCGWTSRxbWQBb4CsV/qk2OT0PR5itrhtvWl0O2XWV5pITZgzoRY+Ett6f0h7qilRKXwJs3fTGBEUZIW2o7H9bSALC/NubXrQwqeEe6GMuL1e0IFKAUaAL0aAqc76fixVi5ZWAtqW1yObEEEGrGPk2UfiU8vAryWnLyiIvR+GGgrrUoQbgi7EEEE7e6pJZ10tpvsyGPS6ItNLuiY2QxHE/mrv3L3tcab6dPFr8e+olk2el6XwTexr9b1vktb1X0XDP5l0jh5nMniQsbtpIsT5mxBsfhV2rOurjxTM2/pVNsuXgmYbIoY4GgQEK4IY38bXFr3qGd9k7FZJ90WK8KqFTrS8nWXZJDDE8IBZHJLB7G9wARsB6UW5Flk1NvuFGHXVW614ZU/7D4bVfVJa/s6h9L2v96tf2nfrXYpf2LRy3t/wWmaZDDPGkbXVU9kLYW2tbiqtORZVJyT7suX4Nd0IwfheB3H5JDNEsUgJCABTezDSLXvTar7Kp84sddh12wUJfBEynpSDDuJBqdh7Ja3h94AAF/fU1+dbcuMvBBjdMpolyW2y7WqejRRS5z0zBiW1tqR+Cy28QHFwQR86uUZltK4xfYz8rptWQ+T7Ml5Rk0WGQiMG53Zibs1r239PdVbKvndtzLGJiV461BEisA0TuLmrGL+YyY7WqRCUogLSAdGgQT0pH3Qp4Jn+EVp2SwsHK359nwk/UXrD8TYEnLsrK2ksCyEEC11Yjgke82qRT7gno9oyjMFxEKTJ7Li9v5p81+INx8q1K5KUdoUlE1KIFKLoKQTQooDsFAaC9AoUCBQGhKA0KaAIeb4looZJEXUyqSF3NyPKw3psm0uxLRCM7Yxk9JkPpfNJMTEzyx9tgxUDSy7AKb2bfzNMqnKS7rRYz8euizjCXJfZbsKlKZyKAHBSAcsaUBFoE8C0BsG4qOz8WKvJHrGLB3DzVjF/MZMdrVIhKUQKQQ6NAEfMMWsMTytsqKWP9kE2+1MlLSbF0eITIzRiQjxE3Yjfckt/jWFNvexY+TT9MDuKRa9wR87bfekU+4SWvAuGz2fLWc9hnwhbUzrxE7DxA86dxe52N7citGqUoLfwKzeZPnkGKXXDIG9R+sPlVqu6MuwhYXqcNiO2x+dNbFS7nleX5jj5klWOWRgoDsdR1BRfYHyv7vSs5W2ST0dhbi4NLhKxab7aLzpnqSRcFiJJCZDCQU1Ektr2VSefa/fUtNz9NuXwZ3UemweXXXX2Uin/MZg8LYzvPpDW2c2G4BOjjSCbVFu1rnvsaHp4ELViuPf7LnNup5WwEUiHS7v23ZfIqCSR6XsD86kne3WmjPxumVxzpVz7pLaRHyL8yZY2hxqTAgF0eRgd/aXQ1yTbzFLWp72pbH5noenKM6nF/DSPQb1dfg5tvSMP0/mU0WPmgmldlAe2tifZOtTv/QqnCclY4tnQZeNVPCrtqjp9kyJk+Y4mSHGYhpZLLG2gajZWYltvSwA+tMrnKSk9kuXi0V20VRittrZIyjqGWPL5ZncvJ3NCFyWsWVbfEDxG1LC1qpyYmV06uefCqK1HW3oqmlxqQLjPzTbt7Osk2uQCU4tccW86jk7eHqJlqMMSdzxlX/UsOpM/lbDYWaN2jLh9WkkbrpU/e9Puulxi4lXp/T6/cWVWLevBXY7N8dDLFNK7jXpdU1eApcbFRtx86ZKy2Mk2XKsTCupnCtbcd9/3LvrHOZmxCYSB+3qC6mBsbvuBq8gBY7etS32y5KKZndNwqlRLItW9fBHynMsRhcauHmm7sblRcsWHi9kgncb7EU2M5wsUZPeyXIxqMnFd1cOLREkzLGvi54YZHJLyqoLbIqtyL7CwFr++hzsdjjEmji4kMSF1q1/yWHQOazNLLBK7NZSw1MWKsp0sLn4/aiiyTUlIrdZxKYVwuqWtmxqhIxxyHmrOL+YyY7WqRAKUQRhSCC+VApjvxLzArAIBzIbt+yp2HzNvpWfm28Y8fsDDSzW0aTpIUKQeDte1jyP9DWa9JCpbND09iVVtQGgE7jcg2vuD/hVOdvpvkOVcpdkXuST6cSUYizq52HhO4I93FxWvg5ULPBJOicVtoidRdHwoTiMJMMFLzsbROebdv8AVP7P0NW7661HlvRHXFzlxSKnMM7xTxIszkKB4ynhaRvK/ovrWXblzl+lHRYvTq63y8sv+n5S0kSoT2kwd7X21yOLk+p8J+9bFH/bWjDyE1kP+f8Akpfw/Phxn9UP3PVbG7cjoOtd/R0RemMI02BxiLu36JgPM6SWt9qbTFuqS+SfqN0asumb8DcHUSLgHwmltZJGrbTpZgxPrfkU1Xaq4fI6fTpTzFlJrj5LRdOGy5BiMOZVldmI1aNBI8Bva4JA+9T7UKf1IozbyuoOVU+LS7fuUWKSDuQnBNJrJBKtuUbawBsL+f0qB8OScDUjK/0rFl618P7PXa1Th5/sed/iDCYsQk67dxCpPvAKH6q32rPyk4z5L5Oo6HKNtDol8PZZYHB9rJ5L7F43kP8Aa9n/AJQtSwjxpZTtvVvVE/hNFJgsK0uVy6Nyk+uw9Aqg/QG/yqCMeVGkat90aupxcvDjog4WbLxCpkjlaa9mCtpW2/iDHytbamxdSST8ktsM52uUHFR+Gyf1fAkeFwoRGjUiVgjm7jUVbc/P70/IWoxKnSZynk2ub2/sd/ELjB/1X/ZRkf8A1G9F1xv/AJ/8nPWmFVcakkoJidUvbYmwCsAfUAA0mRH9ab8D+lWylizrr/JNjmSx5fJikjggnYhlYPrso07lip3sDToem5LiiLKlnV47dsorfbWh3ps/72m+OI/6qWv/ALzEzv8AK6189jnok/7wxHwm/vVplX5z/gOqv/oqv6G8qoYR3FzVjF/NDJjtapEJSgKBekYHlOc/jRHGzJh8G7lWZdUkgjB0kqSFUMSNvO1MbEM1mP4iHHvGJIBCwuPC5dWBsRyoKkb+vNUcyvktoPgkNHrNyAbAWttc/Lms2XZCwDD41mftKdBFzfz8O9gPWmOC147F/Fx/WsUW9EwZs6/lwVDPI5D3JtpUkMdvPa+9RRxq4uTXwbs+UdQ1+xr8tyEPGcTiMROFsdKal0qgO1rqTufnx61sY9aljL1fBi32uGTqnyZbMslBma00xjPsI5GwtwSo38/htWdKyqMtQRt0xtceU2eh9JJEMOojUAjwtYk3sSRub7bnb3mtrDsU6znc+uULnv5LSDAxJfRGi6ubKBcehtz51ZUUvCKs7LJ65PwLhcHHGCI0VL86VAv9KVJLwhZWTm9zexpsqgL9wwxl+dWhb3+NqZ6cN70PWRclx5PRJliVwVZQwPIIuD8jT2k/JFGTg+UezI2GyuCNtUcMaH1VAD9RTYwivCJJ5N0lqUm0S6eRjWJwscgAkRXA41KDb601xT8ixnOD3B6OmiUroKgra2mw029LelDS8Am09p9znD4ZIxZEVQfJQAL+thQoxXhBKc5PcnsYTJ8OG1iCINe99C3v68Unpx86JHlX8ePN6JOJwcclhJGr241KDa/pfihpPyRwnOHeL0c4nAxPbXGjadluoNh6C/Ao4p+RYWTh+LOp8LHINMiK6+jAEfQ0rin5EhZKt7g2jnB4GKK/ajRL86VAv9KFBLwh07rLPzbf9QjwUSsZFjQOb3YKAxvzv76RRQ2V02uMn2FiwcSMXSNFY3uwUAm+53HvpklpNoVWzl+lvaQlY5Mdw81YxfzGTHgK1CINNLsRgDakbQndnzx+InSq4WeV4ZVeMvq0FgZV7ni2tsyglh5EWGx5qJtC6ZjpIGAVgrAje9j7ivlamtbQh6Dkc3ciRwdyBcfXb61kXx09B4MvmczfmgAxCoARYkDVsxO3J3+1Wq4xVPgsRclLaej2bJulMNicPhsQ3cEhjBLK/tEizbG9uTuLc1PHErnEsLqF6fd7NTmODDQNGotZRpHvSxUfVRVi2telwRVqm1apsw2OS4DD4iuYlHTOsokvBM6OxvblMZPhbgfE/wCt/rV/Av4T0/BT6pRzr5L4N1at85s4mkVAWdgqjkkgAfM01v7BJyeorZHw2ZQSHTHNG59FdSfoDSKyL7IlsotrW5Ra/oTNNOITDxZpKM1MTTMIgz3UmygCIn5C9Ula/W4/B0E8Wr+zVYo/qejYYTFxyjVG6uBsSpBAPyq3GafgwZwnW9TWghxkb30SI1ubMDYepsdqcpIJQnHyhcPio5L6HV7c6WBt9KNp+AlCUfyQwubYctoE8eq9ra1vf05pvOO9bJXjWqPLiybI6qCzEKo5J2A+ZpW0kQR3J6iu4xhcyhlNo5Y3I5CspPxsDTYyjLwx9lNta3OLQYrGRxi8kioPVmA/fTpNR8hXXZY9Qi3/AAdYXGxS/wAVIj250sGt9KFJPwJOudb/AFxaOHzKEarzRjT7XjXw723323pHNfY70rO2ovuYvqjOp5sSuFwkm1h7DW1ll1X1A8AVSuslKXGJvdOxKKqJX5CHeis4xH5h8JiGLEBrXOoqyGxGrzHP0pKbJd4SE6rh0+jDIpWkzY1SMc7h5qfF/MZPwM43NIoVLu4sDbbc6v5th5+6tG22Fa3JiVU2Wy4wRiM06zdidMhhXyCgNJb3sdh8r/Gsm3OnN6h4NunpkI6c+7KHE5pC/wDGyTt+3IQP3gVWlK2XlsvxqiuySRCxuFw7hdKv58yPYX9wO9N9xbFaHRw65v8AVopsVgIV/wDCQ+8qCfvTo5Fj+QnjVRXaKJPTxFyoGyuhAGwAY24qabbW2c9n1KNmkc9QZM2Hw8GIcx6cQx0qL6wFQ2JuNxzf08PrVqutqpSZF6ylBQ13R6x+G7Mcswxb+a9v2RI+n7Vfp/EqvyaUVKwMdm2E0SSJ5e0vwbf9+ofKudzK+FrOgwruUEzNyydtg/Gk7/snn6Gx+VVE9PZrSjzg0enZdiRJGrjzAv8AEc109FinWmcbkQddjiyg67wUciJ3cSIVBNgVLa2sOADckC/HrTchJruzR6TbZXNuuHJ//wAMNi5cOksb4TuAKR4n/WYEbgeQqk9RmuJ0cFdZRYsjW/2+D2I1qI4c8uzLL/zGaPDq0h3Nz5gCO5/dWZKLne0dfTke36ZGzW9f+ST0xEcNmL4cMSpDof6QCl1JHrt9zTqVwtcSLqE1k4Mb2u+0J+Ho/wCL/qv+6jHf5Cdb7Rp/n/wR+k0c4PGiK+solrckeK4Hvteiltwlof1XhHJp5eCrwLYNo1SVZUcNvIlmFvIaTx8hUceHZSL1/uubnU4yjrwaDrnEllw2HjkLoyK2on2yTpUm3PBPzqe+X4xXhmX0atRdt046a/2Jf+w7xyxyYecLpsWLjfULcBQLg77GnLG4tOLIZ9bVtUoWx3vx+xz1jgsP+YWXE4qwsv6FVJfSAeCDtc+ZpboRclyf9BOlZGQqXGmvv/8AsVXSkyrmKdkMsblhZvaK9stvb3i9QUNer+k0OpRlPA5WNOS13RGwGUnFY2aHXoBaVieTZXNtviRTYV87WiS/KWLhV2a29I2+fzjA4MGNV1KFjRiBcEixa/ra5q7YlXDsjnMSPu8nVj0n3ZX9AZMVX83IbvIDp9dJNyxPmSRUNVeoOb8lvrGZGc1RX+MTVVQMwhZtma4aF5mKjSNgzhAx8lDN5newqxi9pbEktvR5zneJMrsx1dvXIVF9/G5ZvgLm1+fIVSyrec9vwdNhY/pQ0vPyzrC5QzC5IUegG/15+9VO5YndGL1rZHx2XBDu9+fjub8e8mjnJPyPqaku0SqxeBaPxJt7/wBVvcR6e/mpoWcnqQ1x4rcfJBxeMUoJLf2fPVxp+u1PjU1LRDdevT5ljlmVmNo0LhZsQ6JcnZWJ2FvO17/ICpY/3suC7HNX2u2XIbli/hjMo8NAT+Vw6iJGG9oI7dyX4uwAB/YrTcd6gvCK/hbPdMNh0jRY0UKiAKqjgKBYCrSWhjOiKcIZnrW6COUepQ/A+IfcH61ldUjqKmjX6Rqc5Qf8mIx0upWv5g1hp7Z08IaLj8Ps6YSdlmNmACi17sCL/RdX091bHT5tNxbMHrFK4qxIn/iJlsrtFJGjSKoKsqgsQbg3sPI2+1W8qEm00tidFyaq+cJvi38lNncOLxBik/KNGijSqIrEgAgkkWuL/DyqOcZzaevBfxbcaiFkPU238nqAO1aMfByb8nnGZ4HFrmEs8ELkqxZWKHQwCAEX4N96oThNW8kdRj5OJLBjTbLz5JPR2XTyYp8ViEZNm9pSpZ3FtlPkBf7U6iuTk5yIOq5dFePGil7XYqsBluOgmlhijcawUZtF1KEnxauOP31EoWQk0l2Lt2ThX0wnbLutdi06RwGLihxOhGjl/R9vWlgxXVcDVtx++paYThF/ZQ6rlY11tbb3H50VmOfF4iPtSYEmbV/Hdoq1r8XAAt771FLnZ+lx/qXqPbY9nqwu/Tr8dln1B0zMMPh2jBeSFNLKu53Oq49bG9S20S4x18FPB6lV69kZ9ozYxHNmOMljUrLAF2ZlDxLY21MbnxHbYURds2t9kPsr6fi1TcWpN+DrqHBzxY/vjDtOhKso0llNkC2NgbEEX+lNshJWb8i4V9NuD6PPg+4uXYTFHMo8RNAyhmLGykogMZUDVxcbA0sIzdqk0JffjLAdMJ71/v3JPSWXzJmEzvE6oRNZipAN5ARufUU6qDVzfwRdSyarMKuuEttaL3rJ8QIB+X169a30LqOmzX2sdr2qe7lx/SZnTVS8j++8aJvT5kOGiM2ruafFqFmvvyPKkW/T7kWSoevLh432JFZIHnn4vEN+Qh/nYkyf+1GT+9hU9UuMJv8AYdTHlbFfuR8Ll0k7duIDwgBnb2UHlfzLeekfO171myikuUvB0N2aqOy7suoujwB/xDhvPSqqt/gbn71A8mK7cShLqFsn8FLnWSyweJyJEJA7guNJuLBkN7X4vcj4bAuSjb3j5+i9idRUnwktFbjZ7RsuxFvmCKWHeWjRsikuTKPpyDZsRJ7GsmIe8AKz2+IIHvv6VcvnpRivJzGTdKc3VEj5kxkJOoq3KEE3Q/qm9TULj3HwxuMNfJ6J+CmVxw4SRx/HNJaT+iqjwKPduT8SfStOnutmTNNPR6KDU40WgQy3XmLRY0iJ8bNqA89Kggn4XIFZnVJpVaNfosJO9teEjzHqDH9tNt2Y2Avb47/CsjGq5vb8HTX2+nHt5Y5lAdbSGTQf1dINx9N/rUk56f6exCo84cZrZeRZpMDfvSfX/Wonk2r/AOw54dLX4I0eU9QyLbunWnF/MVex+oST1Mxsvplct8FpmwRgwBBuDwa3IyUltGC04vTO9NKNFAoD9woBIS9ACXNKgCgUWkFCjQmkFKGkFIKAoBpMDxTLPxYR8kesUsGO6z6VmxuJw0qSpHHAkxYsGZi0gUbILX8KncsKs4yjKLiwjY6p8kd5flTLDEYnnWYorOyW7bM/jJdHuhFyR4fEAAOAKzJW7k1JfpRJOTm+TfcvcJHOIx3dBlsblFYR38tiSbfOqUlDn2T0HLsVkeXyu3/5jSMDcaIxpwxBuLHTd22P/iHT7qteooLdUf8AXyNT772ZRcsR43RllkZJJY2KMAf0blQfZO5Gk/M1bhVF6lrya/vLJx02Tf8AZuIxKixTaYhwHBDBAb28Hi2KkepY+lPcFzbaKEEq7ObfciYXpWAeIwOxuF7ct3X249TCygAgFgCT6+lTwSS3onsnKT89jnK+nvy51wNi4mOxKS7nSuoAqyaX3JXxKbb1JG7ivBXnjqTNTDnWKUAaO6NJ3IIbV+kI3CKD7Kjj05vT/ctEXtIk09Qyf+QdmYHk3AViLbc3A+oo9zL6BYa+zM47CrLI2IlWUswJ9vZFUmygadl2v67/AFpXpWvbNPGslQtQZWDpqGV+4Y5jtt+k25ItbRxt8aSCUY6SHWX2OW2y4XKYgEHYYWKjz3G17m3i86a4RflDVfb3/UDZWp37TiwUkDZSTpvtbbk/SmumMvgesqyPiSH8HlaqSAHcMCbb7WHs+zuffsKRYqT+RtubOSTbXYv8sleKPSImI3IuTx4uPDx4fvWjS5Vx1oyr9TntsvBV9PaKYE0oaEvQAlqUUWgNBQAUAFABQAUAKKQAPFMs/FgvJHrFLBFxWYRx7Pvcbj3GrmJW2+XwR2M8w6lxLxImKjhgxAjRcNOJkMgj7RYxTABhpDq259wHlTaFGuyUJL90JLbXYg4fF5hIoZMlwpU8H8o4uPUapBf5VoqqLXgZqRKyLETyYgHEYGDCx4YiWR0geKS4B7cQLMdRZiuwG/0vRy+PH04rux0VJPbMHGZMTisVKCzKZSxZHCbsxJVdRCsBci59AfOplVqCSJarlF/qLjIIMTA6vEzAj9WSyqQPK6u4/wBKitxua0yaVsLFo0WJ7ExLzwyI1t+0WKk//wA2uR8hWZKrLqeoPsOoSj+TIQwkDA6G1Hbw91tW3AKsb7VBKzIT/UbtNdEkiLmEcUKh5ZHQMdNySbG3rr9PdU1Nls327kt1dFa3PWiLBlfelRMPNJKLfpCGJAU2IUEHa58uBzVyv1JLuilaqId14NtjcixEeHZ8Pd8S5VbBl0xx/rkB9ncgBN72B2qxGhxjt+ShblQtsSXaKKTDYDFGYRzaxKV7lm2AQHtggJsBtYAehqv7a2b+i0srHr8d2V2aY6QP24mY72HiIvbz9w8/pUPCPyyztuKfFdxMvzTFQsGYsVvv4iy34/s+lx9afGzg+zIZY0bIvlH/AEJvV2DaOKLOMC7I8bL3VBOk+KwYrwfEdJHmHvWnXNWRUkYORS6p8WeyZLmQxOHixCezLGrgempQSPkbj5VMiJE21KKFqUAFAC3pAC9KAXoAL0AF6AC9ABegABoADUdn4sVeSPWKTmc6qRE0OV1M7LGAW0LcgnUz+QtWv0yv1U0/juUM690pNLu+xnpWjgdmCMJO0G8EncjcM1ijeEqY7X3N9z61ffTIZCT323/DM6zqrpbTXdLf2ic+YRgMREwCyxx2XEzIgV1LE6Q1hbTaw2qOPTOySm/Df+hK+rySb18pf6lZ1NgjP3kl1rHCyr24ptClpDa5slySt7kkne3rT8fplSlF7e5fYy7qdkXPce0df7lLL0th44wIg6FonkS73CtGXuunSGa+jcn124p1mMoxlNPwx1We5zjBr8igiEg86o8maiiTIcbIKHP9h6iyUMwLW1KG+IB/fTJKMvKJIynH8ZDrtDLbuxK1uAbkA/CmxqhF7SJZX2yX6nsu8uxyRjTGgRfRRYfanpJeCCblLyy4w+a++pNjFHXYY76nHwuSLSRSQgn/AMxGEyL8173/AKaGJrTMdnWXnD4k672/wJ2P0t96wrIuLcWdRS1ZBWJ9hjGYhTGwBuWFrDfnzNRRi1IsyluJooYdOSY0vspiltfi+gBf+fSPlWrgp8HswOq69RJfRtPw0hZMrwYYG5iDWPkHZnUfRhV4yzSmlQolKAUAFABQAtACUAFABQAUAKKQANMs/FgvJHrFLBlZOpI5daPhlaL9JoLyLeR4Rqtotdb+R8r1oY0nS24vRPkdMjOtKb3vXbXbv+5Bi6iw2hWbAoqORG1mvaMWfjSNVube6pvez0m/sdL/APHo85Vx12X0SMHnGGkIL4REBSSYtqBIMOtQbad7gefrToZk3rTIbuhxrb8NqSXj5Y3FnEMsasYBqmnSKVSVO9iySE6fHsT6ee9Ecx6TXx2Fu6LFWTi9a47/AJ0GKliGIfDLhx4FK9xCoYoUMpAXTYXJI58+aJ5UnuH9RKukQVMchPT8DOW9Px4mFZ41ChtQ0lgSCrEc2F+PdUStjrbFyKXTa62czdHMOBf4f/FHqwfhkSIr9KOP1D9DRzj9ioRemnH6p+hpeUfsUGySQfqt9DSqSGtDbZbKOFP0NO5Ibog46GbSVZJBuCrKDqRlN1cbcggGl5DWidh+o8JilEOYjsTLsspBSN/eGbZL+aPtfgmo7qYWruS0Zc6H28FjDkWXwjuPiodA31F4xt8b2+gqtHAin5L8+rSktJaGMVD/AAvowkCNHl0bK00pUocToOpYY1Pi0XFy5twLcb3NwrSiZUpSse2ejIVACiwAAAA4AAsBSevX9hxZ1rHrS+vD7Diw1ij14fYcWGsetHrw+w4sNYo9xD7Diw1j1o9xD7Diw1j1o9eH2HFhrHrR7iH2HFhrHrR68PsOLDWKPXh9hxYaxR7iH2HFhrHrR69f2HFiax60yV0Gmg4sZrLJirbIcKzmQwrqa+o7i+oEE2BsL3NTKbfdk/u71FQ5PSCDIMKlisKixuN2Iva3BPoacpaGyzL5d3JiN0/hbAdlbAFRu3sklyOfWjmwWXdvfJ/Zz/s5hNx2FtcG12AuoIB2PoT9aXl8D3m5De3Nir07hb37K3sF5bjTptz6UKQjy7uPHk9E/BYOOFBHGoVFvYD38nfk1DayGdkrJcpPbHqZoQWgEF6AC9ABel2wC9G2GhuaBHFnRWHvUH99Kpy+xNIrT01gr6vysIPqI1B+1PV0/sTiixghVRZVAHuFNnOUvIukhyo9Ci3peKAL0cUAXo4oAvRxQBejigCjigCjigC9HFAFHFAF6OKAKTigEoSAWlA//9k=', TO_DATE(SYSDATE));
INSERT INTO TBL_PUBLICACIONES (CODIGO_PUBLICACION, CODIGO_TIPO_PUBLICACION, CODIGO_USUARIO, CODIGO_EXTENSION_PUBLICACION, CODIGO_CATEGORIA, NOMBRE_ARCHIVO, ARCHIVO, FECHA_SUBIDA_ARCHIVO)
VALUES (CODIGO_PUBLICACION.nextval, 1, 10, 2, 10, 'HUMOR2', 'http://memeschistosos.net/wp-content/uploads/2017/02/las-imagenes-mas-divertidas-de-esta-semana19.jpg', TO_DATE(SYSDATE));
INSERT INTO TBL_PUBLICACIONES (CODIGO_PUBLICACION, CODIGO_TIPO_PUBLICACION, CODIGO_USUARIO, CODIGO_EXTENSION_PUBLICACION, CODIGO_CATEGORIA, NOMBRE_ARCHIVO, ARCHIVO, FECHA_SUBIDA_ARCHIVO)
VALUES (CODIGO_PUBLICACION.nextval, 1, 10, 2, 10, 'HUMOR3', 'http://memeschistosos.net/wp-content/uploads/2017/02/las-imagenes-mas-divertidas-de-esta-semana12.png', TO_DATE(SYSDATE));
INSERT INTO TBL_PUBLICACIONES (CODIGO_PUBLICACION, CODIGO_TIPO_PUBLICACION, CODIGO_USUARIO, CODIGO_EXTENSION_PUBLICACION, CODIGO_CATEGORIA, NOMBRE_ARCHIVO, ARCHIVO, FECHA_SUBIDA_ARCHIVO)
VALUES (CODIGO_PUBLICACION.nextval, 1, 12, 2, 10, 'HUMOR11', 'https://img.ohmirevista.com/article/480/todoimagenes/las-imagenes-mas-divertidas-no-acepto-a-personas-sin-foto-de-perfil_4e642e88430863730907b8ac85c650b9ebd79ea3.jpg', TO_DATE(SYSDATE));
INSERT INTO TBL_PUBLICACIONES (CODIGO_PUBLICACION, CODIGO_TIPO_PUBLICACION, CODIGO_USUARIO, CODIGO_EXTENSION_PUBLICACION, CODIGO_CATEGORIA, NOMBRE_ARCHIVO, ARCHIVO, FECHA_SUBIDA_ARCHIVO)
VALUES (CODIGO_PUBLICACION.nextval, 1, 10, 2, 10, 'HUMOR12', 'http://www.imagenesgraciosas.name/covers/preview/fotos-divertidas-para-whatsapp-gratis.jpg', TO_DATE(SYSDATE));

--TABLA TIPO DE LIKE
INSERT INTO TBL_TIPO_LIKE (CODIGO_TIPO_LIKE, TIPO_LIKE)  VALUES (1, 'ME GUSTA');

--TABLA LIKE (PUBLICACIONES)
INSERT INTO "INSTAGRAM"."TBL_LIKES" (CODIGO_USUARIO, CODIGO_TIPO_LIKE, CODIGO_PUBLICACION) VALUES ('7', '1', '1');
INSERT INTO "INSTAGRAM"."TBL_LIKES" (CODIGO_USUARIO, CODIGO_TIPO_LIKE, CODIGO_PUBLICACION) VALUES ('8', '1', '1');
INSERT INTO "INSTAGRAM"."TBL_LIKES" (CODIGO_USUARIO, CODIGO_TIPO_LIKE, CODIGO_PUBLICACION) VALUES ('9', '1', '1');
INSERT INTO "INSTAGRAM"."TBL_LIKES" (CODIGO_USUARIO, CODIGO_TIPO_LIKE, CODIGO_PUBLICACION) VALUES ('10', '1', '1');
INSERT INTO "INSTAGRAM"."TBL_LIKES" (CODIGO_USUARIO, CODIGO_TIPO_LIKE, CODIGO_PUBLICACION) VALUES ('11', '1', '1');
INSERT INTO "INSTAGRAM"."TBL_LIKES" (CODIGO_USUARIO, CODIGO_TIPO_LIKE, CODIGO_PUBLICACION) VALUES ('12', '1', '1');
INSERT INTO "INSTAGRAM"."TBL_LIKES" (CODIGO_USUARIO, CODIGO_TIPO_LIKE, CODIGO_PUBLICACION) VALUES ('13', '1', '1');
INSERT INTO "INSTAGRAM"."TBL_LIKES" (CODIGO_USUARIO, CODIGO_TIPO_LIKE, CODIGO_PUBLICACION) VALUES ('14', '1', '1');
INSERT INTO "INSTAGRAM"."TBL_LIKES" (CODIGO_USUARIO, CODIGO_TIPO_LIKE, CODIGO_PUBLICACION) VALUES ('15', '1', '1');
INSERT INTO "INSTAGRAM"."TBL_LIKES" (CODIGO_USUARIO, CODIGO_TIPO_LIKE, CODIGO_PUBLICACION) VALUES ('16', '1', '1');







COMMIT;










