--TABLA ACTIVAR NOTIFICACIONES
INSERT INTO "INSTAGRAM"."TBL_ACTIVAR_NOTIFICACIONES" (CODIGO_ACTIVACION, NOMBRE_ACTIVACION) VALUES ('1', 'ACTIVAR');
INSERT INTO "INSTAGRAM"."TBL_ACTIVAR_NOTIFICACIONES" (CODIGO_ACTIVACION, NOMBRE_ACTIVACION) VALUES ('2', 'DESACTIVAR');

--TABLA COMPARTIR HISTORIAS
INSERT INTO "INSTAGRAM"."TBL_COMPARTIR_HISTORIAS" (CODIGO_COMPARTIR_HISTORIA, DESCRIPCION_COMPARTIR_HISTORIA) VALUES ('1', 'ACTIVAR');
INSERT INTO "INSTAGRAM"."TBL_COMPARTIR_HISTORIAS" (CODIGO_COMPARTIR_HISTORIA, DESCRIPCION_COMPARTIR_HISTORIA) VALUES ('2', 'DESACTIVAR');

--TABLA VISTA PREVIA
INSERT INTO "INSTAGRAM"."TBL_COMPARTIR_VISTA_PREVIA" (CODIGO_VISTA_PREVIA, DESCRIPCION_VISTA_PREVIA) VALUES ('1', 'ACTIVAR');
INSERT INTO "INSTAGRAM"."TBL_COMPARTIR_VISTA_PREVIA" (CODIGO_VISTA_PREVIA, DESCRIPCION_VISTA_PREVIA) VALUES ('2', 'DESACTIVAR');

--TABLA EXTENSION PUBLICACIONES
INSERT INTO "INSTAGRAM"."TBL_EXTENSION_PUBLICACION" (CODIGO_EXTENSION_PUBLICACION, TIPO_ARCHIVO) VALUES ('1', 'MP3');
INSERT INTO "INSTAGRAM"."TBL_EXTENSION_PUBLICACION" (CODIGO_EXTENSION_PUBLICACION, TIPO_ARCHIVO) VALUES ('2', 'JPG');
INSERT INTO "INSTAGRAM"."TBL_EXTENSION_PUBLICACION" (CODIGO_EXTENSION_PUBLICACION, TIPO_ARCHIVO) VALUES ('3', 'MP4');

--TABLA GENEROS
INSERT INTO "INSTAGRAM"."TBL_GENERO" (CODIGO_GENERO, DESCRIPCION_GENERO, ABREVIATURA_GENERO) VALUES ('1', 'FEMENINO', 'F');
INSERT INTO "INSTAGRAM"."TBL_GENERO" (CODIGO_GENERO, DESCRIPCION_GENERO, ABREVIATURA_GENERO) VALUES ('2', 'MASCULINO', 'M');

--TABLA SOLICITUD SEGUIDOR
INSERT INTO "INSTAGRAM"."TBL_SOLICITUD_SEGUIDORES" (CODIGO_SOLICITUD, DESCRIPCION_SOLICITUD) VALUES ('1', 'ACEPTADA');
INSERT INTO "INSTAGRAM"."TBL_SOLICITUD_SEGUIDORES" (CODIGO_SOLICITUD, DESCRIPCION_SOLICITUD) VALUES ('2', 'RECHAZADA');
INSERT INTO "INSTAGRAM"."TBL_SOLICITUD_SEGUIDORES" (CODIGO_SOLICITUD, DESCRIPCION_SOLICITUD) VALUES ('3', 'PENDIENTE');

--TABLA SUSCRIPCIONES
INSERT INTO "INSTAGRAM"."TBL_SUSCRIPCIONES" (CODIGO_SUSCRIPCION, NOMBRE_SUSCRIPCION) VALUES ('1', 'CORREOS DE NOTICIAS');
INSERT INTO "INSTAGRAM"."TBL_SUSCRIPCIONES" (CODIGO_SUSCRIPCION, NOMBRE_SUSCRIPCION) VALUES ('2', 'CORREOS DE RECORDATORIO');
INSERT INTO "INSTAGRAM"."TBL_SUSCRIPCIONES" (CODIGO_SUSCRIPCION, NOMBRE_SUSCRIPCION) VALUES ('3', 'CORREOS DE PRODUCTO');
INSERT INTO "INSTAGRAM"."TBL_SUSCRIPCIONES" (CODIGO_SUSCRIPCION, NOMBRE_SUSCRIPCION) VALUES ('4', 'CORREOS DE INVESTIGACION');
INSERT INTO "INSTAGRAM"."TBL_SUSCRIPCIONES" (CODIGO_SUSCRIPCION, NOMBRE_SUSCRIPCION) VALUES ('5', 'MENSAJE DE TEXTO');

--TABLA TIPOS DE AUTENTICACION
INSERT INTO "INSTAGRAM"."TBL_TIPO_AUTENTICACION" (CODIGO_TIPO_AUTENTICACION, TIPO_AUTENTICACION) VALUES ('1', 'MENSAJE DE TEXTO');
INSERT INTO "INSTAGRAM"."TBL_TIPO_AUTENTICACION" (CODIGO_TIPO_AUTENTICACION, TIPO_AUTENTICACION) VALUES ('2', 'APP DE AUTENTICACION');

--TABLA DE TIPO DE HISTORIALES
INSERT INTO "INSTAGRAM"."TBL_TIPO_HISTORIAL" (CODIGO_TIPO_HISTORIAL, DESCRIPCION_TIPO_HISTORIAL) VALUES ('1', 'CAMBIOS DE CONTRASEÑA');
INSERT INTO "INSTAGRAM"."TBL_TIPO_HISTORIAL" (CODIGO_TIPO_HISTORIAL, DESCRIPCION_TIPO_HISTORIAL) VALUES ('2', 'CAMBIOS DE CORREO');
INSERT INTO "INSTAGRAM"."TBL_TIPO_HISTORIAL" (CODIGO_TIPO_HISTORIAL, DESCRIPCION_TIPO_HISTORIAL) VALUES ('3', 'CAMBIOS DE TELEFONO');
INSERT INTO "INSTAGRAM"."TBL_TIPO_HISTORIAL" (CODIGO_TIPO_HISTORIAL, DESCRIPCION_TIPO_HISTORIAL) VALUES ('4', 'CUENTAS BLOQUEADAS');
INSERT INTO "INSTAGRAM"."TBL_TIPO_HISTORIAL" (CODIGO_TIPO_HISTORIAL, DESCRIPCION_TIPO_HISTORIAL) VALUES ('5', 'INICIOS DE SESION');
INSERT INTO "INSTAGRAM"."TBL_TIPO_HISTORIAL" (CODIGO_TIPO_HISTORIAL, DESCRIPCION_TIPO_HISTORIAL) VALUES ('6', 'CAMBIOS EN BIOGRAFIA');
INSERT INTO "INSTAGRAM"."TBL_TIPO_HISTORIAL" (CODIGO_TIPO_HISTORIAL, DESCRIPCION_TIPO_HISTORIAL) VALUES ('7', 'CAMBIOS NOMBRE USUARIO');

--TABLA TIPO PERFIL
INSERT INTO "INSTAGRAM"."TBL_TIPO_PERFIL" (CODIGO_TIPO_PERFIL, TIPO_PERFIL) VALUES ('1', 'PRIVADO');
INSERT INTO "INSTAGRAM"."TBL_TIPO_PERFIL" (CODIGO_TIPO_PERFIL, TIPO_PERFIL) VALUES ('2', 'PUBLICO');

--TABLA TIPO DE PUBLICACIONES
INSERT INTO "INSTAGRAM"."TBL_TIPO_PUBLICACION" (CODIGO_TIPO_PUBLICACION, DESCRIPCION_TIPO_PUBLI) VALUES ('1', 'PUBLICACION');
INSERT INTO "INSTAGRAM"."TBL_TIPO_PUBLICACION" (CODIGO_TIPO_PUBLICACION, DESCRIPCION_TIPO_PUBLI) VALUES ('2', 'HISTORIA');

--TABLA LUGARES
insert into TBL_LUGARES (CODIGO_LUGAR, LATITUD, LONGITUD, NOMBRE_LUGAR) values (CODIGO_LUGAR.nextval, 53.4053396, 22.8055555, 'Mońki');
insert into TBL_LUGARES (CODIGO_LUGAR, LATITUD, LONGITUD, NOMBRE_LUGAR) values (CODIGO_LUGAR.nextval, '-7.6476', '114.0461', 'Glugur Krajan');
insert into TBL_LUGARES (CODIGO_LUGAR, LATITUD, LONGITUD, NOMBRE_LUGAR) values (CODIGO_LUGAR.nextval, 6.6101493, 0.4785495, 'Ho');
insert into TBL_LUGARES (CODIGO_LUGAR, LATITUD, LONGITUD, NOMBRE_LUGAR) values (CODIGO_LUGAR.nextval, 38.7157106, -9.3069187, 'Porto Salvo');
insert into TBL_LUGARES (CODIGO_LUGAR, LATITUD, LONGITUD, NOMBRE_LUGAR) values (CODIGO_LUGAR.nextval, -12.1349328, 44.4252603, 'Ouani');
insert into TBL_LUGARES (CODIGO_LUGAR, LATITUD, LONGITUD, NOMBRE_LUGAR) values (CODIGO_LUGAR.nextval, 26.7500171, 33.9359756, 'Būr Safājah');
insert into TBL_LUGARES (CODIGO_LUGAR, LATITUD, LONGITUD, NOMBRE_LUGAR) values (CODIGO_LUGAR.nextval, 30.5383451, 117.0666454, 'Lingbei');
insert into TBL_LUGARES (CODIGO_LUGAR, LATITUD, LONGITUD, NOMBRE_LUGAR) values (CODIGO_LUGAR.nextval, 35.4383695, 137.2435332, 'Toki');
insert into TBL_LUGARES (CODIGO_LUGAR, LATITUD, LONGITUD, NOMBRE_LUGAR) values (CODIGO_LUGAR.nextval, 38.604702, 100.825981, 'Hongsi');
insert into TBL_LUGARES (CODIGO_LUGAR, LATITUD, LONGITUD, NOMBRE_LUGAR) values (CODIGO_LUGAR.nextval, 23.534915, 115.420204, 'Shuidun');
insert into TBL_LUGARES (CODIGO_LUGAR, LATITUD, LONGITUD, NOMBRE_LUGAR) values (CODIGO_LUGAR.nextval, '15.41667', '-87.6', 'Ocote Paulino');
insert into TBL_LUGARES (CODIGO_LUGAR, LATITUD, LONGITUD, NOMBRE_LUGAR) values (CODIGO_LUGAR.nextval, -18.3714305, -54.6972774, 'Coxim');
insert into TBL_LUGARES (CODIGO_LUGAR, LATITUD, LONGITUD, NOMBRE_LUGAR) values (CODIGO_LUGAR.nextval, 6.2368262, 125.0897383, 'Polomolok');
insert into TBL_LUGARES (CODIGO_LUGAR, LATITUD, LONGITUD, NOMBRE_LUGAR) values (CODIGO_LUGAR.nextval, 23.296786, 113.823135, 'Xintang');
insert into TBL_LUGARES (CODIGO_LUGAR, LATITUD, LONGITUD, NOMBRE_LUGAR) values (CODIGO_LUGAR.nextval, 22.265811, 113.543784, 'Xiangzhou');
insert into TBL_LUGARES (CODIGO_LUGAR, LATITUD, LONGITUD, NOMBRE_LUGAR) values (CODIGO_LUGAR.nextval, 39.9929963, 116.4690641, 'Tangyu');
insert into TBL_LUGARES (CODIGO_LUGAR, LATITUD, LONGITUD, NOMBRE_LUGAR) values (CODIGO_LUGAR.nextval, 44.9688472, -93.1315648, 'Saint Paul');
insert into TBL_LUGARES (CODIGO_LUGAR, LATITUD, LONGITUD, NOMBRE_LUGAR) values (CODIGO_LUGAR.nextval, -4.083677, 123.1983974, 'Munse');
insert into TBL_LUGARES (CODIGO_LUGAR, LATITUD, LONGITUD, NOMBRE_LUGAR) values (CODIGO_LUGAR.nextval, -1.9606263, -79.727151, 'Samborondón');
insert into TBL_LUGARES (CODIGO_LUGAR, LATITUD, LONGITUD, NOMBRE_LUGAR) values (CODIGO_LUGAR.nextval, -22.523123, -55.7242526, 'Ponta Porã');
insert into TBL_LUGARES (CODIGO_LUGAR, LATITUD, LONGITUD, NOMBRE_LUGAR) values (CODIGO_LUGAR.nextval, 50.4011293, 22.904714, 'Łukowa');
insert into TBL_LUGARES (CODIGO_LUGAR, LATITUD, LONGITUD, NOMBRE_LUGAR) values (CODIGO_LUGAR.nextval, 33.4206358, 72.0017338, 'Jand');
insert into TBL_LUGARES (CODIGO_LUGAR, LATITUD, LONGITUD, NOMBRE_LUGAR) values (CODIGO_LUGAR.nextval, 61.7921776, 34.3739957, 'Borodinskiy');
insert into TBL_LUGARES (CODIGO_LUGAR, LATITUD, LONGITUD, NOMBRE_LUGAR) values (CODIGO_LUGAR.nextval, 53.0175632, 32.3912619, 'Surazh');
insert into TBL_LUGARES (CODIGO_LUGAR, LATITUD, LONGITUD, NOMBRE_LUGAR) values (CODIGO_LUGAR.nextval, -8.1324515, 113.7305569, 'Baratan');
insert into TBL_LUGARES (CODIGO_LUGAR, LATITUD, LONGITUD, NOMBRE_LUGAR) values (CODIGO_LUGAR.nextval, -23.5307464, -46.8991995, 'Jandira');
insert into TBL_LUGARES (CODIGO_LUGAR, LATITUD, LONGITUD, NOMBRE_LUGAR) values (CODIGO_LUGAR.nextval, 0.0090686, 103.5089907, 'Khairiahmandah');
insert into TBL_LUGARES (CODIGO_LUGAR, LATITUD, LONGITUD, NOMBRE_LUGAR) values (CODIGO_LUGAR.nextval, 45.9397564, 19.203958, 'Stanišić');
insert into TBL_LUGARES (CODIGO_LUGAR, LATITUD, LONGITUD, NOMBRE_LUGAR) values (CODIGO_LUGAR.nextval, 69.4326713, 30.8274819, 'Zapolyarnyy');
insert into TBL_LUGARES (CODIGO_LUGAR, LATITUD, LONGITUD, NOMBRE_LUGAR) values (CODIGO_LUGAR.nextval, 4.870121, -75.62239, 'Santa Rosa de Cabal');
insert into TBL_LUGARES (CODIGO_LUGAR, LATITUD, LONGITUD, NOMBRE_LUGAR) values (CODIGO_LUGAR.nextval, 38.322579, 23.3204309, 'Thívai');
insert into TBL_LUGARES (CODIGO_LUGAR, LATITUD, LONGITUD, NOMBRE_LUGAR) values (CODIGO_LUGAR.nextval, 40.1676522, -8.4138349, 'Pereiros');
insert into TBL_LUGARES (CODIGO_LUGAR, LATITUD, LONGITUD, NOMBRE_LUGAR) values (CODIGO_LUGAR.nextval, '44.35542', '84.17916', 'Ji’ergele Teguoleng');
insert into TBL_LUGARES (CODIGO_LUGAR, LATITUD, LONGITUD, NOMBRE_LUGAR) values (CODIGO_LUGAR.nextval, 25.8447931, 51.2453739, 'Al Ghuwayrīyah');
insert into TBL_LUGARES (CODIGO_LUGAR, LATITUD, LONGITUD, NOMBRE_LUGAR) values (CODIGO_LUGAR.nextval, 5.5028937, 10.6365483, 'Foumbot');
insert into TBL_LUGARES (CODIGO_LUGAR, LATITUD, LONGITUD, NOMBRE_LUGAR) values (CODIGO_LUGAR.nextval, 7.7553228, 124.2474479, 'Lumbatan');
insert into TBL_LUGARES (CODIGO_LUGAR, LATITUD, LONGITUD, NOMBRE_LUGAR) values (CODIGO_LUGAR.nextval, 6.8740602, -74.9910112, 'Amalfi');
insert into TBL_LUGARES (CODIGO_LUGAR, LATITUD, LONGITUD, NOMBRE_LUGAR) values (CODIGO_LUGAR.nextval, 38.7150205, 127.6015031, 'Hoeyang');
insert into TBL_LUGARES (CODIGO_LUGAR, LATITUD, LONGITUD, NOMBRE_LUGAR) values (CODIGO_LUGAR.nextval, 39.7476306, -8.7335517, 'Trabulheira');
insert into TBL_LUGARES (CODIGO_LUGAR, LATITUD, LONGITUD, NOMBRE_LUGAR) values (CODIGO_LUGAR.nextval, 54.157108, 27.2318325, 'Radashkovichy');
insert into TBL_LUGARES (CODIGO_LUGAR, LATITUD, LONGITUD, NOMBRE_LUGAR) values (CODIGO_LUGAR.nextval, 10.8281332, -75.0961549, 'Juan de Acosta');
insert into TBL_LUGARES (CODIGO_LUGAR, LATITUD, LONGITUD, NOMBRE_LUGAR) values (CODIGO_LUGAR.nextval, 36.5052612, -6.2761016, 'Cadiz');
insert into TBL_LUGARES (CODIGO_LUGAR, LATITUD, LONGITUD, NOMBRE_LUGAR) values (CODIGO_LUGAR.nextval, -7.287363, 112.755971, 'Muesanaik');
insert into TBL_LUGARES (CODIGO_LUGAR, LATITUD, LONGITUD, NOMBRE_LUGAR) values (CODIGO_LUGAR.nextval, 30.5453374, -9.7089858, 'Taghazout');
insert into TBL_LUGARES (CODIGO_LUGAR, LATITUD, LONGITUD, NOMBRE_LUGAR) values (CODIGO_LUGAR.nextval, 8.9392884, -13.1149327, 'Kassiri');
insert into TBL_LUGARES (CODIGO_LUGAR, LATITUD, LONGITUD, NOMBRE_LUGAR) values (CODIGO_LUGAR.nextval, 46.4979131, 15.6702113, 'Rogoza');
insert into TBL_LUGARES (CODIGO_LUGAR, LATITUD, LONGITUD, NOMBRE_LUGAR) values (CODIGO_LUGAR.nextval, -13.9448918, -74.3132878, 'Sacsamarca');
insert into TBL_LUGARES (CODIGO_LUGAR, LATITUD, LONGITUD, NOMBRE_LUGAR) values (CODIGO_LUGAR.nextval, 45.0806751, 7.6873152, 'Torino');
insert into TBL_LUGARES (CODIGO_LUGAR, LATITUD, LONGITUD, NOMBRE_LUGAR) values (CODIGO_LUGAR.nextval, 47.6489237, 34.6105197, 'Marhanets’');
insert into TBL_LUGARES (CODIGO_LUGAR, LATITUD, LONGITUD, NOMBRE_LUGAR) values (CODIGO_LUGAR.nextval, -9.9165208, -70.1455805, 'Manoel Urbano');
insert into TBL_LUGARES (CODIGO_LUGAR, LATITUD, LONGITUD, NOMBRE_LUGAR) values (CODIGO_LUGAR.nextval, -24.8096387, -56.5196111, 'Unión');
insert into TBL_LUGARES (CODIGO_LUGAR, LATITUD, LONGITUD, NOMBRE_LUGAR) values (CODIGO_LUGAR.nextval, 37.0734616, -8.7751983, 'Burgau');
insert into TBL_LUGARES (CODIGO_LUGAR, LATITUD, LONGITUD, NOMBRE_LUGAR) values (CODIGO_LUGAR.nextval, 36.4303079, -115.5207358, 'Las Vegas');
insert into TBL_LUGARES (CODIGO_LUGAR, LATITUD, LONGITUD, NOMBRE_LUGAR) values (CODIGO_LUGAR.nextval, -28.3276327, -50.9289246, 'Vacaria');
insert into TBL_LUGARES (CODIGO_LUGAR, LATITUD, LONGITUD, NOMBRE_LUGAR) values (CODIGO_LUGAR.nextval, 44.1201864, 43.4017398, 'Nezlobnaya');
insert into TBL_LUGARES (CODIGO_LUGAR, LATITUD, LONGITUD, NOMBRE_LUGAR) values (CODIGO_LUGAR.nextval, 49.9542636, 16.1641685, 'Vysoké Mýto');
insert into TBL_LUGARES (CODIGO_LUGAR, LATITUD, LONGITUD, NOMBRE_LUGAR) values (CODIGO_LUGAR.nextval, -7.1274078, 113.5282081, 'Trasak');
insert into TBL_LUGARES (CODIGO_LUGAR, LATITUD, LONGITUD, NOMBRE_LUGAR) values (CODIGO_LUGAR.nextval, -22.7733, -47.3047061, 'Nova Odessa');
insert into TBL_LUGARES (CODIGO_LUGAR, LATITUD, LONGITUD, NOMBRE_LUGAR) values (CODIGO_LUGAR.nextval, 39.3897164, 22.9982253, 'Portariá');
insert into TBL_LUGARES (CODIGO_LUGAR, LATITUD, LONGITUD, NOMBRE_LUGAR) values (CODIGO_LUGAR.nextval, 55.499438, 36.044913, 'Mozhaysk');
insert into TBL_LUGARES (CODIGO_LUGAR, LATITUD, LONGITUD, NOMBRE_LUGAR) values (CODIGO_LUGAR.nextval, 30.411429, 118.390218, 'Zengjia');
insert into TBL_LUGARES (CODIGO_LUGAR, LATITUD, LONGITUD, NOMBRE_LUGAR) values (CODIGO_LUGAR.nextval, 37.9943201, 23.3430496, 'Mégara');
insert into TBL_LUGARES (CODIGO_LUGAR, LATITUD, LONGITUD, NOMBRE_LUGAR) values (CODIGO_LUGAR.nextval, 10.5942421, 104.1640355, 'Kampot');
insert into TBL_LUGARES (CODIGO_LUGAR, LATITUD, LONGITUD, NOMBRE_LUGAR) values (CODIGO_LUGAR.nextval, 55.7570915, 37.6047016, 'Presnenskiy');
insert into TBL_LUGARES (CODIGO_LUGAR, LATITUD, LONGITUD, NOMBRE_LUGAR) values (CODIGO_LUGAR.nextval, 27.756647, 118.035309, 'Wuqishan');
insert into TBL_LUGARES (CODIGO_LUGAR, LATITUD, LONGITUD, NOMBRE_LUGAR) values (CODIGO_LUGAR.nextval, 38.5928606, -2.5498208, 'Albacete');
insert into TBL_LUGARES (CODIGO_LUGAR, LATITUD, LONGITUD, NOMBRE_LUGAR) values (CODIGO_LUGAR.nextval, 28.39571, 107.752611, 'Huangdu');
insert into TBL_LUGARES (CODIGO_LUGAR, LATITUD, LONGITUD, NOMBRE_LUGAR) values (CODIGO_LUGAR.nextval, 46.1544155, 14.9301007, 'Izlake');
insert into TBL_LUGARES (CODIGO_LUGAR, LATITUD, LONGITUD, NOMBRE_LUGAR) values (CODIGO_LUGAR.nextval, 34.600701, 108.722463, 'Qiaodi');
insert into TBL_LUGARES (CODIGO_LUGAR, LATITUD, LONGITUD, NOMBRE_LUGAR) values (CODIGO_LUGAR.nextval, 7.2484596, 125.0587505, 'Palomoc');
insert into TBL_LUGARES (CODIGO_LUGAR, LATITUD, LONGITUD, NOMBRE_LUGAR) values (CODIGO_LUGAR.nextval, 15.2113128, 120.0278872, 'Pan-an');
insert into TBL_LUGARES (CODIGO_LUGAR, LATITUD, LONGITUD, NOMBRE_LUGAR) values (CODIGO_LUGAR.nextval, 43.5377939, 10.383479, 'Livorno');
insert into TBL_LUGARES (CODIGO_LUGAR, LATITUD, LONGITUD, NOMBRE_LUGAR) values (CODIGO_LUGAR.nextval, 6.8080933, 125.1934512, 'Dolo');
insert into TBL_LUGARES (CODIGO_LUGAR, LATITUD, LONGITUD, NOMBRE_LUGAR) values (CODIGO_LUGAR.nextval, 46.635417, 32.616867, 'Kherson');
insert into TBL_LUGARES (CODIGO_LUGAR, LATITUD, LONGITUD, NOMBRE_LUGAR) values (CODIGO_LUGAR.nextval, -3.8398302, -62.0610928, 'Codajás');
insert into TBL_LUGARES (CODIGO_LUGAR, LATITUD, LONGITUD, NOMBRE_LUGAR) values (CODIGO_LUGAR.nextval, 30.862289, 103.915953, 'Sandao');
insert into TBL_LUGARES (CODIGO_LUGAR, LATITUD, LONGITUD, NOMBRE_LUGAR) values (CODIGO_LUGAR.nextval, 41.5332101, 19.6103673, 'Ishëm');
insert into TBL_LUGARES (CODIGO_LUGAR, LATITUD, LONGITUD, NOMBRE_LUGAR) values (CODIGO_LUGAR.nextval, 42.2984455, 47.4196463, 'Mugi');
insert into TBL_LUGARES (CODIGO_LUGAR, LATITUD, LONGITUD, NOMBRE_LUGAR) values (CODIGO_LUGAR.nextval, 23.296786, 113.823135, 'Xintang');
insert into TBL_LUGARES (CODIGO_LUGAR, LATITUD, LONGITUD, NOMBRE_LUGAR) values (CODIGO_LUGAR.nextval, 59.7458284, 18.6851872, 'Norrtälje');
insert into TBL_LUGARES (CODIGO_LUGAR, LATITUD, LONGITUD, NOMBRE_LUGAR) values (CODIGO_LUGAR.nextval, 40.7295095, 19.7859556, 'Cukalat');
insert into TBL_LUGARES (CODIGO_LUGAR, LATITUD, LONGITUD, NOMBRE_LUGAR) values (CODIGO_LUGAR.nextval, 14.4801593, -88.7908717, 'Belén Gualcho');
insert into TBL_LUGARES (CODIGO_LUGAR, LATITUD, LONGITUD, NOMBRE_LUGAR) values (CODIGO_LUGAR.nextval, 50.05998, 21.8324138, 'Trzciana');
insert into TBL_LUGARES (CODIGO_LUGAR, LATITUD, LONGITUD, NOMBRE_LUGAR) values (CODIGO_LUGAR.nextval, 27.851032, 120.120494, 'Yanguan');
insert into TBL_LUGARES (CODIGO_LUGAR, LATITUD, LONGITUD, NOMBRE_LUGAR) values (CODIGO_LUGAR.nextval, 21.3392818, 106.2327247, 'Ngô Đồng');
insert into TBL_LUGARES (CODIGO_LUGAR, LATITUD, LONGITUD, NOMBRE_LUGAR) values (CODIGO_LUGAR.nextval, 46.3989378, 15.8176288, 'Spodnja Hajdina');
insert into TBL_LUGARES (CODIGO_LUGAR, LATITUD, LONGITUD, NOMBRE_LUGAR) values (CODIGO_LUGAR.nextval, 28.065079, 116.640263, 'Lixu');
insert into TBL_LUGARES (CODIGO_LUGAR, LATITUD, LONGITUD, NOMBRE_LUGAR) values (CODIGO_LUGAR.nextval, 44.906512, 127.60654, 'Xiaoshanzi');
insert into TBL_LUGARES (CODIGO_LUGAR, LATITUD, LONGITUD, NOMBRE_LUGAR) values (CODIGO_LUGAR.nextval, 40.6098385, 20.6898971, 'Voskop');
insert into TBL_LUGARES (CODIGO_LUGAR, LATITUD, LONGITUD, NOMBRE_LUGAR) values (CODIGO_LUGAR.nextval, 13.966665, 121.083337, 'Kinalaglagan');
insert into TBL_LUGARES (CODIGO_LUGAR, LATITUD, LONGITUD, NOMBRE_LUGAR) values (CODIGO_LUGAR.nextval, -0.819175, 120.167297, 'Parigi');
insert into TBL_LUGARES (CODIGO_LUGAR, LATITUD, LONGITUD, NOMBRE_LUGAR) values (CODIGO_LUGAR.nextval, 41.3442157, 19.547883, 'Xhafzotaj');
insert into TBL_LUGARES (CODIGO_LUGAR, LATITUD, LONGITUD, NOMBRE_LUGAR) values (CODIGO_LUGAR.nextval, 42.884784, 128.033416, 'Dapuchaihe');
insert into TBL_LUGARES (CODIGO_LUGAR, LATITUD, LONGITUD, NOMBRE_LUGAR) values (CODIGO_LUGAR.nextval, 35.1149116, 33.919245, 'Famagusta');
insert into TBL_LUGARES (CODIGO_LUGAR, LATITUD, LONGITUD, NOMBRE_LUGAR) values (CODIGO_LUGAR.nextval, 21.938859, 108.657209, 'Qinnan');
insert into TBL_LUGARES (CODIGO_LUGAR, LATITUD, LONGITUD, NOMBRE_LUGAR) values (CODIGO_LUGAR.nextval, '48.55009', '-71.6491', 'Alma');
insert into TBL_LUGARES (CODIGO_LUGAR, LATITUD, LONGITUD, NOMBRE_LUGAR) values (CODIGO_LUGAR.nextval, 30.181965, -97.9701846, 'Austin');
insert into TBL_LUGARES (CODIGO_LUGAR, LATITUD, LONGITUD, NOMBRE_LUGAR) values (CODIGO_LUGAR.nextval, 11.425041, 123.1090142, 'Batad');
insert into TBL_LUGARES (CODIGO_LUGAR, LATITUD, LONGITUD, NOMBRE_LUGAR) values (CODIGO_LUGAR.nextval, -42.7602412, -65.0604467, 'Tecka');
insert into TBL_LUGARES (CODIGO_LUGAR, LATITUD, LONGITUD, NOMBRE_LUGAR) values (CODIGO_LUGAR.nextval, 40.7295095, 19.7859556, 'Cukalat');

--TABLA ESTADO ACTIVIDAD
INSERT INTO "INSTAGRAM"."TBL_ESTADO_ACTIVIDAD" (CODIGO_ESTADO_ACT, NOMBRE_ESTADO_ACTIVIDAD) VALUES ('1', 'ACTIVAR');
INSERT INTO "INSTAGRAM"."TBL_ESTADO_ACTIVIDAD" (CODIGO_ESTADO_ACT, NOMBRE_ESTADO_ACTIVIDAD) VALUES ('2', 'DESACTIVAR');

--TABLA CANAL VIDEOS
INSERT INTO TBL_CANAL_VIDEOS (CODIGO_CANAL, DESCRIPCION_ACTIVACION) VALUES (CODIGO_CANAL.nextval, 'LA ROQUERA HN');
INSERT INTO TBL_CANAL_VIDEOS (CODIGO_CANAL, DESCRIPCION_ACTIVACION) VALUES (CODIGO_CANAL.nextval, 'LA QBUENA');
INSERT INTO TBL_CANAL_VIDEOS (CODIGO_CANAL, DESCRIPCION_ACTIVACION) VALUES (CODIGO_CANAL.nextval, 'LA GOZADERA');
INSERT INTO TBL_CANAL_VIDEOS (CODIGO_CANAL, DESCRIPCION_ACTIVACION) VALUES (CODIGO_CANAL.nextval, 'OTAKUS');
INSERT INTO TBL_CANAL_VIDEOS (CODIGO_CANAL, DESCRIPCION_ACTIVACION) VALUES (CODIGO_CANAL.nextval, 'PODER DEL GYM');
INSERT INTO TBL_CANAL_VIDEOS (CODIGO_CANAL, DESCRIPCION_ACTIVACION) VALUES (CODIGO_CANAL.nextval, 'VAMOS A LA PLAYA');
INSERT INTO TBL_CANAL_VIDEOS (CODIGO_CANAL, DESCRIPCION_ACTIVACION) VALUES (CODIGO_CANAL.nextval, 'LA BUENISIMA');
INSERT INTO TBL_CANAL_VIDEOS (CODIGO_CANAL, DESCRIPCION_ACTIVACION) VALUES (CODIGO_CANAL.nextval, 'FULL ROCK');
INSERT INTO TBL_CANAL_VIDEOS (CODIGO_CANAL, DESCRIPCION_ACTIVACION) VALUES (CODIGO_CANAL.nextval, 'VIDA SALUDABLE');
INSERT INTO TBL_CANAL_VIDEOS (CODIGO_CANAL, DESCRIPCION_ACTIVACION) VALUES (CODIGO_CANAL.nextval, 'LA FARANDULA');
INSERT INTO TBL_CANAL_VIDEOS (CODIGO_CANAL, DESCRIPCION_ACTIVACION) VALUES (CODIGO_CANAL.nextval, 'LA FX');

--TABLA USUARIO
INSERT INTO TBL_USUARIOS (CODIGO_USUARIO, CODIGO_GENERO, CODIGO_TIPO_PERFIL, CODIGO_ACT_NOTIFICACIONES, CODIGO_ESTADO_ACT, CODIGO_COMPARTIR_HISTORIA, CORREO_USUARIO, NOMBRE_PERFIL_USUARIO, PASSWORD, FECHA_REGISTRO, NOMBRE_USUARIO, APELLIDO_USUARIO, NUMERO_TELEFONO) 
VALUES(USUARIO.nextval, 1, 1, 1, 1, 1, 'MPEREZ@GMAIL.COM', 'MPEREZ', 'MPEREZ123', TO_DATE(SYSDATE), 'MARIA', 'PEREZ', '3335-5626');
INSERT INTO TBL_USUARIOS (CODIGO_USUARIO, CODIGO_GENERO, CODIGO_TIPO_PERFIL, CODIGO_ACT_NOTIFICACIONES, CODIGO_ESTADO_ACT, CODIGO_COMPARTIR_HISTORIA, CORREO_USUARIO, NOMBRE_PERFIL_USUARIO, PASSWORD, FECHA_REGISTRO, NOMBRE_USUARIO, APELLIDO_USUARIO, NUMERO_TELEFONO) 
VALUES(USUARIO.nextval, 1, 1, 1, 1, 1, 'EMONTES@GMAIL.COM', 'EMONTES', 'EMONTES123', TO_DATE(SYSDATE), 'EVA', 'MONTES', '9985-8592');
INSERT INTO TBL_USUARIOS (CODIGO_USUARIO, CODIGO_GENERO, CODIGO_TIPO_PERFIL, CODIGO_ACT_NOTIFICACIONES, CODIGO_ESTADO_ACT, CODIGO_COMPARTIR_HISTORIA, CORREO_USUARIO, NOMBRE_PERFIL_USUARIO, PASSWORD, FECHA_REGISTRO, NOMBRE_USUARIO, APELLIDO_USUARIO, NUMERO_TELEFONO) 
VALUES(USUARIO.nextval, 1, 2, 1, 1, 1, 'AVARGAS@GMAIL.COM', 'AVARGAS', 'AVARGAS123', TO_DATE(SYSDATE), 'ANA', 'VARGAS', '3335-8962');
INSERT INTO TBL_USUARIOS (CODIGO_USUARIO, CODIGO_GENERO, CODIGO_TIPO_PERFIL, CODIGO_ACT_NOTIFICACIONES, CODIGO_ESTADO_ACT, CODIGO_COMPARTIR_HISTORIA, CORREO_USUARIO, NOMBRE_PERFIL_USUARIO, PASSWORD, FECHA_REGISTRO, NOMBRE_USUARIO, APELLIDO_USUARIO, NUMERO_TELEFONO) 
VALUES(USUARIO.nextval, 1, 1, 1, 1, 1, 'YGARCIA@GMAIL.COM', 'YGARCIA', 'YGARCIA123', TO_DATE(SYSDATE), 'YESSICA', 'GARCIA', '3335-5267');
INSERT INTO TBL_USUARIOS (CODIGO_USUARIO, CODIGO_GENERO, CODIGO_TIPO_PERFIL, CODIGO_ACT_NOTIFICACIONES, CODIGO_ESTADO_ACT, CODIGO_COMPARTIR_HISTORIA, CORREO_USUARIO, NOMBRE_PERFIL_USUARIO, PASSWORD, FECHA_REGISTRO, NOMBRE_USUARIO, APELLIDO_USUARIO, NUMERO_TELEFONO) 
VALUES(USUARIO.nextval, 1, 2, 1, 1, 1, 'GCALIX@GMAIL.COM', 'GCALIX', 'GCALIX123', TO_DATE(SYSDATE), 'GABRIELA', 'CALIX', '9856-5263');
INSERT INTO TBL_USUARIOS (CODIGO_USUARIO, CODIGO_GENERO, CODIGO_TIPO_PERFIL, CODIGO_ACT_NOTIFICACIONES, CODIGO_ESTADO_ACT, CODIGO_COMPARTIR_HISTORIA, CORREO_USUARIO, NOMBRE_PERFIL_USUARIO, PASSWORD, FECHA_REGISTRO, NOMBRE_USUARIO, APELLIDO_USUARIO, NUMERO_TELEFONO) 
VALUES(USUARIO.nextval, 2, 1, 1, 1, 1, 'BZUNIGA@GMAIL.COM', 'BZUNIGA', 'BZUNIGA123', TO_DATE(SYSDATE), 'BYRON', 'ZUNIGA', '3325-5486');
INSERT INTO TBL_USUARIOS (CODIGO_USUARIO, CODIGO_GENERO, CODIGO_TIPO_PERFIL, CODIGO_ACT_NOTIFICACIONES, CODIGO_ESTADO_ACT, CODIGO_COMPARTIR_HISTORIA, CORREO_USUARIO, NOMBRE_PERFIL_USUARIO, PASSWORD, FECHA_REGISTRO, NOMBRE_USUARIO, APELLIDO_USUARIO, NUMERO_TELEFONO) 
VALUES(USUARIO.nextval, 2, 2, 1, 1, 1, 'EPORTILLO@GMAIL.COM', 'EPORTILLO', 'EPORTILLO123', TO_DATE(SYSDATE), 'EDGAR', 'PORTILLO', '9856-2563');
INSERT INTO TBL_USUARIOS (CODIGO_USUARIO, CODIGO_GENERO, CODIGO_TIPO_PERFIL, CODIGO_ACT_NOTIFICACIONES, CODIGO_ESTADO_ACT, CODIGO_COMPARTIR_HISTORIA, CORREO_USUARIO, NOMBRE_PERFIL_USUARIO, PASSWORD, FECHA_REGISTRO, NOMBRE_USUARIO, APELLIDO_USUARIO, NUMERO_TELEFONO) 
VALUES(USUARIO.nextval, 2, 2, 1, 1, 1, 'FMEJIA@GMAIL.COM', 'FMEJIA', 'FMEJIA123', TO_DATE(SYSDATE), 'FABIO', 'MEJIA', '9856-1254');
INSERT INTO TBL_USUARIOS (CODIGO_USUARIO, CODIGO_GENERO, CODIGO_TIPO_PERFIL, CODIGO_ACT_NOTIFICACIONES, CODIGO_ESTADO_ACT, CODIGO_COMPARTIR_HISTORIA, CORREO_USUARIO, NOMBRE_PERFIL_USUARIO, PASSWORD, FECHA_REGISTRO, NOMBRE_USUARIO, APELLIDO_USUARIO, NUMERO_TELEFONO) 
VALUES(USUARIO.nextval, 2, 1, 1, 1, 1, 'HPEREZ@GMAIL.COM', 'HPEREZ', 'HPEREZ123', TO_DATE(SYSDATE), 'HECTOR', 'PEREZ', '3350-5555');
INSERT INTO TBL_USUARIOS (CODIGO_USUARIO, CODIGO_GENERO, CODIGO_TIPO_PERFIL, CODIGO_ACT_NOTIFICACIONES, CODIGO_ESTADO_ACT, CODIGO_COMPARTIR_HISTORIA, CORREO_USUARIO, NOMBRE_PERFIL_USUARIO, PASSWORD, FECHA_REGISTRO, NOMBRE_USUARIO, APELLIDO_USUARIO, NUMERO_TELEFONO) 
VALUES(USUARIO.nextval, 2, 1, 1, 1, 1, 'IROMERO@GMAIL.COM', 'IROMERO', 'IROMERO123', TO_DATE(SYSDATE), 'IRVING', 'ROMERO', '8850-5412');
--CON ESTOS USUARIOS FIJARSE EN EL CANAL ANTES DE INSERTARLOS
INSERT INTO TBL_USUARIOS (CODIGO_USUARIO, CODIGO_GENERO, CODIGO_TIPO_PERFIL, CODIGO_LUGAR, CODIGO_ACT_NOTIFICACIONES, CODIGO_ESTADO_ACT, CODIGO_COMPARTIR_HISTORIA, CODIGO_CANAL, CORREO_USUARIO, NOMBRE_PERFIL_USUARIO, PASSWORD, FECHA_REGISTRO, NOMBRE_USUARIO, APELLIDO_USUARIO, NUMERO_TELEFONO) 
VALUES(USUARIO.nextval, 2, 1, 1, 1, 1, 1, 1, 'JMEZA@GMAIL.COM', 'JMEZA', 'JMEZA123', TO_DATE(SYSDATE), 'JAVIER', 'MEZA', '8850-2356');
INSERT INTO TBL_USUARIOS (CODIGO_USUARIO, CODIGO_GENERO, CODIGO_TIPO_PERFIL, CODIGO_LUGAR, CODIGO_ACT_NOTIFICACIONES, CODIGO_ESTADO_ACT, CODIGO_COMPARTIR_HISTORIA, CODIGO_CANAL, CORREO_USUARIO, NOMBRE_PERFIL_USUARIO, PASSWORD, FECHA_REGISTRO, NOMBRE_USUARIO, APELLIDO_USUARIO, NUMERO_TELEFONO) 
VALUES(USUARIO.nextval, 1, 2, 5, 1, 1, 1, 2, 'KLAZO@GMAIL.COM', 'KLAZO', 'KLAZO123', TO_DATE(SYSDATE), 'KEYLA', 'LAZO', '8786-8599');
INSERT INTO TBL_USUARIOS (CODIGO_USUARIO, CODIGO_GENERO, CODIGO_TIPO_PERFIL, CODIGO_LUGAR, CODIGO_ACT_NOTIFICACIONES, CODIGO_ESTADO_ACT, CODIGO_COMPARTIR_HISTORIA, CODIGO_CANAL, CORREO_USUARIO, NOMBRE_PERFIL_USUARIO, PASSWORD, FECHA_REGISTRO, NOMBRE_USUARIO, APELLIDO_USUARIO, NUMERO_TELEFONO) 
VALUES(USUARIO.nextval, 2, 1, 1, 1, 1, 1, 3, 'LGALO@GMAIL.COM', 'LGALO', 'LGALO123', TO_DATE(SYSDATE), 'LUIS', 'GALO', '9850-1245');
INSERT INTO TBL_USUARIOS (CODIGO_USUARIO, CODIGO_GENERO, CODIGO_TIPO_PERFIL, CODIGO_LUGAR, CODIGO_ACT_NOTIFICACIONES, CODIGO_ESTADO_ACT, CODIGO_COMPARTIR_HISTORIA, CODIGO_CANAL, CORREO_USUARIO, NOMBRE_PERFIL_USUARIO, PASSWORD, FECHA_REGISTRO, NOMBRE_USUARIO, APELLIDO_USUARIO, NUMERO_TELEFONO) 
VALUES(USUARIO.nextval, 1, 1, 1, 1, 1, 1, 4, 'LCUEVA@GMAIL.COM', 'LCUEVA', 'LCUEVA123', TO_DATE(SYSDATE), 'LEYLA', 'CUEVA', '3352-2356');
INSERT INTO TBL_USUARIOS (CODIGO_USUARIO, CODIGO_GENERO, CODIGO_TIPO_PERFIL, CODIGO_LUGAR, CODIGO_ACT_NOTIFICACIONES, CODIGO_ESTADO_ACT, CODIGO_COMPARTIR_HISTORIA, CODIGO_CANAL, CORREO_USUARIO, NOMBRE_PERFIL_USUARIO, PASSWORD, FECHA_REGISTRO, NOMBRE_USUARIO, APELLIDO_USUARIO, NUMERO_TELEFONO) 
VALUES(USUARIO.nextval, 2, 2, 3, 1, 1, 1, 5, 'MPEREIRA@GMAIL.COM', 'MPEREIRA', 'MPEREIRA123', TO_DATE(SYSDATE), 'MARCO', 'PEREIRA', '9765-3561');
INSERT INTO TBL_USUARIOS (CODIGO_USUARIO, CODIGO_GENERO, CODIGO_TIPO_PERFIL, CODIGO_LUGAR, CODIGO_ACT_NOTIFICACIONES, CODIGO_ESTADO_ACT, CODIGO_COMPARTIR_HISTORIA, CODIGO_CANAL, CORREO_USUARIO, NOMBRE_PERFIL_USUARIO, PASSWORD, FECHA_REGISTRO, NOMBRE_USUARIO, APELLIDO_USUARIO, NUMERO_TELEFONO) 
VALUES(USUARIO.nextval, 1, 1, 1, 1, 1, 1, 6, 'HFUNES@GMAIL.COM', 'HFUNES', 'HFUNES123', TO_DATE(SYSDATE), 'HEYMI', 'FUNES', '9852-5632');
INSERT INTO TBL_USUARIOS (CODIGO_USUARIO, CODIGO_GENERO, CODIGO_TIPO_PERFIL, CODIGO_LUGAR, CODIGO_ACT_NOTIFICACIONES, CODIGO_ESTADO_ACT, CODIGO_COMPARTIR_HISTORIA, CODIGO_CANAL, CORREO_USUARIO, NOMBRE_PERFIL_USUARIO, PASSWORD, FECHA_REGISTRO, NOMBRE_USUARIO, APELLIDO_USUARIO, NUMERO_TELEFONO) 
VALUES(USUARIO.nextval, 2, 1, 18, 1, 1, 1, 7, 'OGOMEZ@GMAIL.COM', 'OGOMEZ', 'OGOMEZ123', TO_DATE(SYSDATE), 'OSCAR', 'GOMEZ', '8350-6338');
INSERT INTO TBL_USUARIOS (CODIGO_USUARIO, CODIGO_GENERO, CODIGO_TIPO_PERFIL, CODIGO_LUGAR, CODIGO_ACT_NOTIFICACIONES, CODIGO_ESTADO_ACT, CODIGO_COMPARTIR_HISTORIA, CODIGO_CANAL, CORREO_USUARIO, NOMBRE_PERFIL_USUARIO, PASSWORD, FECHA_REGISTRO, NOMBRE_USUARIO, APELLIDO_USUARIO, NUMERO_TELEFONO) 
VALUES(USUARIO.nextval, 2, 2, 15, 1, 1, 1, 8, 'PNIETO@GMAIL.COM', 'PNIETO', 'PNIETO123', TO_DATE(SYSDATE), 'PEDRO', 'NIETO', '3389-0000');
INSERT INTO TBL_USUARIOS (CODIGO_USUARIO, CODIGO_GENERO, CODIGO_TIPO_PERFIL, CODIGO_LUGAR, CODIGO_ACT_NOTIFICACIONES, CODIGO_ESTADO_ACT, CODIGO_COMPARTIR_HISTORIA, CODIGO_CANAL, CORREO_USUARIO, NOMBRE_PERFIL_USUARIO, PASSWORD, FECHA_REGISTRO, NOMBRE_USUARIO, APELLIDO_USUARIO, NUMERO_TELEFONO) 
VALUES(USUARIO.nextval, 2, 1, 10, 1, 1, 1, 9, 'JAGUILAR@GMAIL.COM', 'JAGUILAR', 'JAGUILAR123', TO_DATE(SYSDATE), 'JORGE', 'AGUILAR', '9853-6589');
INSERT INTO TBL_USUARIOS (CODIGO_USUARIO, CODIGO_GENERO, CODIGO_TIPO_PERFIL, CODIGO_LUGAR, CODIGO_ACT_NOTIFICACIONES, CODIGO_ESTADO_ACT, CODIGO_COMPARTIR_HISTORIA, CODIGO_CANAL, CORREO_USUARIO, NOMBRE_PERFIL_USUARIO, PASSWORD, FECHA_REGISTRO, NOMBRE_USUARIO, APELLIDO_USUARIO, NUMERO_TELEFONO) 
VALUES(USUARIO.nextval, 1, 1, 7, 1, 1, 1, 10, 'JLAZO@GMAIL.COM', 'JLAZO', 'JLAZO123', TO_DATE(SYSDATE), 'JULY', 'LAZO', '3255-2455');
INSERT INTO TBL_USUARIOS (CODIGO_USUARIO, CODIGO_GENERO, CODIGO_TIPO_PERFIL, CODIGO_LUGAR, CODIGO_ACT_NOTIFICACIONES, CODIGO_ESTADO_ACT, CODIGO_COMPARTIR_HISTORIA, CODIGO_CANAL, CORREO_USUARIO, NOMBRE_PERFIL_USUARIO, PASSWORD, FECHA_REGISTRO, NOMBRE_USUARIO, APELLIDO_USUARIO, NUMERO_TELEFONO) 
VALUES(USUARIO.nextval, 1, 1, 8, 1, 1, 1, 11, 'BBANEGAS@GMAIL.COM', 'BBANEGAS', 'BBANEGAS123', TO_DATE(SYSDATE), 'BESSY', 'BANEGAS', '9788-8956');


--TABLA ACCESOS
INSERT INTO TBL_ACCESOS (CODIGO_ACCESO, CODIGO_USUARIO, FECHA_ACCESO) VALUES (CODIGO_ACCESO.nextval, 7, TO_DATE(SYSDATE+1));
INSERT INTO TBL_ACCESOS (CODIGO_ACCESO, CODIGO_USUARIO, FECHA_ACCESO) VALUES (CODIGO_ACCESO.nextval, 7, TO_DATE(SYSDATE+2));
INSERT INTO TBL_ACCESOS (CODIGO_ACCESO, CODIGO_USUARIO, FECHA_ACCESO) VALUES (CODIGO_ACCESO.nextval, 8, TO_DATE(SYSDATE+1));
INSERT INTO TBL_ACCESOS (CODIGO_ACCESO, CODIGO_USUARIO, FECHA_ACCESO) VALUES (CODIGO_ACCESO.nextval, 9, TO_DATE(SYSDATE+1));
INSERT INTO TBL_ACCESOS (CODIGO_ACCESO, CODIGO_USUARIO, FECHA_ACCESO) VALUES (CODIGO_ACCESO.nextval, 10, TO_DATE(SYSDATE+1));
INSERT INTO TBL_ACCESOS (CODIGO_ACCESO, CODIGO_USUARIO, FECHA_ACCESO) VALUES (CODIGO_ACCESO.nextval, 11, TO_DATE(SYSDATE+1));
INSERT INTO TBL_ACCESOS (CODIGO_ACCESO, CODIGO_USUARIO, FECHA_ACCESO) VALUES (CODIGO_ACCESO.nextval, 12, TO_DATE(SYSDATE+1));
INSERT INTO TBL_ACCESOS (CODIGO_ACCESO, CODIGO_USUARIO, FECHA_ACCESO) VALUES (CODIGO_ACCESO.nextval, 13, TO_DATE(SYSDATE+1));
INSERT INTO TBL_ACCESOS (CODIGO_ACCESO, CODIGO_USUARIO, FECHA_ACCESO) VALUES (CODIGO_ACCESO.nextval, 14, TO_DATE(SYSDATE+1));
INSERT INTO TBL_ACCESOS (CODIGO_ACCESO, CODIGO_USUARIO, FECHA_ACCESO) VALUES (CODIGO_ACCESO.nextval, 15, TO_DATE(SYSDATE+1));
INSERT INTO TBL_ACCESOS (CODIGO_ACCESO, CODIGO_USUARIO, FECHA_ACCESO) VALUES (CODIGO_ACCESO.nextval, 16, TO_DATE(SYSDATE+1));
INSERT INTO TBL_ACCESOS (CODIGO_ACCESO, CODIGO_USUARIO, FECHA_ACCESO) VALUES (CODIGO_ACCESO.nextval, 7, TO_DATE(SYSDATE+1));
INSERT INTO TBL_ACCESOS (CODIGO_ACCESO, CODIGO_USUARIO, FECHA_ACCESO) VALUES (CODIGO_ACCESO.nextval, 10, TO_DATE(SYSDATE+2));
INSERT INTO TBL_ACCESOS (CODIGO_ACCESO, CODIGO_USUARIO, FECHA_ACCESO) VALUES (CODIGO_ACCESO.nextval, 11, TO_DATE(SYSDATE+2));
INSERT INTO TBL_ACCESOS (CODIGO_ACCESO, CODIGO_USUARIO, FECHA_ACCESO) VALUES (CODIGO_ACCESO.nextval, 15, TO_DATE(SYSDATE+2));
INSERT INTO TBL_ACCESOS (CODIGO_ACCESO, CODIGO_USUARIO, FECHA_ACCESO) VALUES (CODIGO_ACCESO.nextval, 16, TO_DATE(SYSDATE+2));
INSERT INTO TBL_ACCESOS (CODIGO_ACCESO, CODIGO_USUARIO, FECHA_ACCESO) VALUES (CODIGO_ACCESO.nextval, 16, TO_DATE(SYSDATE+2));
INSERT INTO TBL_ACCESOS (CODIGO_ACCESO, CODIGO_USUARIO, FECHA_ACCESO) VALUES (CODIGO_ACCESO.nextval, 10, TO_DATE(SYSDATE+1));
INSERT INTO TBL_ACCESOS (CODIGO_ACCESO, CODIGO_USUARIO, FECHA_ACCESO) VALUES (CODIGO_ACCESO.nextval, 8, TO_DATE(SYSDATE+3));
INSERT INTO TBL_ACCESOS (CODIGO_ACCESO, CODIGO_USUARIO, FECHA_ACCESO) VALUES (CODIGO_ACCESO.nextval, 7, TO_DATE(SYSDATE+3));
INSERT INTO TBL_ACCESOS (CODIGO_ACCESO, CODIGO_USUARIO, FECHA_ACCESO) VALUES (CODIGO_ACCESO.nextval, 10, TO_DATE(SYSDATE+3));
INSERT INTO TBL_ACCESOS (CODIGO_ACCESO, CODIGO_USUARIO, FECHA_ACCESO) VALUES (CODIGO_ACCESO.nextval, 15, TO_DATE(SYSDATE+3));
INSERT INTO TBL_ACCESOS (CODIGO_ACCESO, CODIGO_USUARIO, FECHA_ACCESO) VALUES (CODIGO_ACCESO.nextval, 16, TO_DATE(SYSDATE+3));
INSERT INTO TBL_ACCESOS (CODIGO_ACCESO, CODIGO_USUARIO, FECHA_ACCESO) VALUES (CODIGO_ACCESO.nextval, 9, TO_DATE(SYSDATE+3));
INSERT INTO TBL_ACCESOS (CODIGO_ACCESO, CODIGO_USUARIO, FECHA_ACCESO) VALUES (CODIGO_ACCESO.nextval, 11, TO_DATE(SYSDATE+3));
INSERT INTO TBL_ACCESOS (CODIGO_ACCESO, CODIGO_USUARIO, FECHA_ACCESO) VALUES (CODIGO_ACCESO.nextval, 12, TO_DATE(SYSDATE+3));
INSERT INTO TBL_ACCESOS (CODIGO_ACCESO, CODIGO_USUARIO, FECHA_ACCESO) VALUES (CODIGO_ACCESO.nextval, 13, TO_DATE(SYSDATE+3));
INSERT INTO TBL_ACCESOS (CODIGO_ACCESO, CODIGO_USUARIO, FECHA_ACCESO) VALUES (CODIGO_ACCESO.nextval, 14, TO_DATE(SYSDATE+3));
INSERT INTO TBL_ACCESOS (CODIGO_ACCESO, CODIGO_USUARIO, FECHA_ACCESO) VALUES (CODIGO_ACCESO.nextval, 15, TO_DATE(SYSDATE+3));

--TABLA USUARIOS BLOQUEADOS
INSERT INTO TBL_BLOQUEO_USUARIOS (CODIGO_USUARIO, CODIGO_USUARIO_BLOQUEADO, FECHA_BLOQUEO) VALUES (7, 8, TO_DATE(SYSDATE)+2);
INSERT INTO TBL_BLOQUEO_USUARIOS (CODIGO_USUARIO, CODIGO_USUARIO_BLOQUEADO, FECHA_BLOQUEO) VALUES (10, 8, TO_DATE(SYSDATE)+2);

--TABLA CATEGORIAS PUBLICACION
INSERT INTO TBL_CATEGORIAS_PUBLICACION (CODIGO_CATEGORIA, DESCRIPCION_TIPO_CATEGORIA) VALUES (CODIGO_CATEGORIA.nextval, 'COMIDA');
INSERT INTO TBL_CATEGORIAS_PUBLICACION (CODIGO_CATEGORIA, DESCRIPCION_TIPO_CATEGORIA) VALUES (CODIGO_CATEGORIA.nextval, 'ARTE');
INSERT INTO TBL_CATEGORIAS_PUBLICACION (CODIGO_CATEGORIA, DESCRIPCION_TIPO_CATEGORIA) VALUES (CODIGO_CATEGORIA.nextval, 'ARQUITECTURA');
INSERT INTO TBL_CATEGORIAS_PUBLICACION (CODIGO_CATEGORIA, DESCRIPCION_TIPO_CATEGORIA) VALUES (CODIGO_CATEGORIA.nextval, 'NATURALEZA');
INSERT INTO TBL_CATEGORIAS_PUBLICACION (CODIGO_CATEGORIA, DESCRIPCION_TIPO_CATEGORIA) VALUES (CODIGO_CATEGORIA.nextval, 'DECORACION');
INSERT INTO TBL_CATEGORIAS_PUBLICACION (CODIGO_CATEGORIA, DESCRIPCION_TIPO_CATEGORIA) VALUES (CODIGO_CATEGORIA.nextval, 'ESTILO');
INSERT INTO TBL_CATEGORIAS_PUBLICACION (CODIGO_CATEGORIA, DESCRIPCION_TIPO_CATEGORIA) VALUES (CODIGO_CATEGORIA.nextval, 'COMICS');
INSERT INTO TBL_CATEGORIAS_PUBLICACION (CODIGO_CATEGORIA, DESCRIPCION_TIPO_CATEGORIA) VALUES (CODIGO_CATEGORIA.nextval, 'MUSICA');
INSERT INTO TBL_CATEGORIAS_PUBLICACION (CODIGO_CATEGORIA, DESCRIPCION_TIPO_CATEGORIA) VALUES (CODIGO_CATEGORIA.nextval, 'HUMOR');
INSERT INTO TBL_CATEGORIAS_PUBLICACION (CODIGO_CATEGORIA, DESCRIPCION_TIPO_CATEGORIA) VALUES (CODIGO_CATEGORIA.nextval, 'DEPORTES');
INSERT INTO TBL_CATEGORIAS_PUBLICACION (CODIGO_CATEGORIA, DESCRIPCION_TIPO_CATEGORIA) VALUES (CODIGO_CATEGORIA.nextval, 'TV');

--TABLA SEGUIDORES
INSERT INTO "INSTAGRAM"."TBL_SEGUIDOS" (CODIGO_USUARIO, CODIGO_SEGUIDOR, CODIGO_SOLICITUD) VALUES ('7', '9', '1');
INSERT INTO "INSTAGRAM"."TBL_SEGUIDOS" (CODIGO_USUARIO, CODIGO_SEGUIDOR, CODIGO_SOLICITUD) VALUES ('7', '11', '1');
INSERT INTO "INSTAGRAM"."TBL_SEGUIDOS" (CODIGO_USUARIO, CODIGO_SEGUIDOR, CODIGO_SOLICITUD) VALUES ('7', '12', '2');
INSERT INTO "INSTAGRAM"."TBL_SEGUIDOS" (CODIGO_USUARIO, CODIGO_SEGUIDOR, CODIGO_SOLICITUD) VALUES ('8', '9', '1');
INSERT INTO "INSTAGRAM"."TBL_SEGUIDOS" (CODIGO_USUARIO, CODIGO_SEGUIDOR, CODIGO_SOLICITUD) VALUES ('8', '10', '1');
INSERT INTO "INSTAGRAM"."TBL_SEGUIDOS" (CODIGO_USUARIO, CODIGO_SEGUIDOR, CODIGO_SOLICITUD) VALUES ('8', '7', '1');
INSERT INTO "INSTAGRAM"."TBL_SEGUIDOS" (CODIGO_USUARIO, CODIGO_SEGUIDOR, CODIGO_SOLICITUD) VALUES ('8', '12', '2');
INSERT INTO "INSTAGRAM"."TBL_SEGUIDOS" (CODIGO_USUARIO, CODIGO_SEGUIDOR, CODIGO_SOLICITUD) VALUES ('9', '7', '1');
INSERT INTO "INSTAGRAM"."TBL_SEGUIDOS" (CODIGO_USUARIO, CODIGO_SEGUIDOR, CODIGO_SOLICITUD) VALUES ('11', '7', '1');
INSERT INTO "INSTAGRAM"."TBL_SEGUIDOS" (CODIGO_USUARIO, CODIGO_SEGUIDOR, CODIGO_SOLICITUD) VALUES ('15', '7', '1');
INSERT INTO "INSTAGRAM"."TBL_SEGUIDOS" (CODIGO_USUARIO, CODIGO_SEGUIDOR, CODIGO_SOLICITUD) VALUES ('15', '8', '2');
INSERT INTO "INSTAGRAM"."TBL_SEGUIDOS" (CODIGO_USUARIO, CODIGO_SEGUIDOR, CODIGO_SOLICITUD) VALUES ('15', '9', '1');
INSERT INTO "INSTAGRAM"."TBL_SEGUIDOS" (CODIGO_USUARIO, CODIGO_SEGUIDOR, CODIGO_SOLICITUD) VALUES ('15', '12', '1');
INSERT INTO "INSTAGRAM"."TBL_SEGUIDOS" (CODIGO_USUARIO, CODIGO_SEGUIDOR, CODIGO_SOLICITUD) VALUES ('15', '14', '1');
INSERT INTO "INSTAGRAM"."TBL_SEGUIDOS" (CODIGO_USUARIO, CODIGO_SEGUIDOR, CODIGO_SOLICITUD) VALUES ('16', '15', '1');
INSERT INTO "INSTAGRAM"."TBL_SEGUIDOS" (CODIGO_USUARIO, CODIGO_SEGUIDOR, CODIGO_SOLICITUD) VALUES ('16', '10', '2');
INSERT INTO "INSTAGRAM"."TBL_SEGUIDOS" (CODIGO_USUARIO, CODIGO_SEGUIDOR, CODIGO_SOLICITUD) VALUES ('16', '9', '1');
INSERT INTO "INSTAGRAM"."TBL_SEGUIDOS" (CODIGO_USUARIO, CODIGO_SEGUIDOR, CODIGO_SOLICITUD) VALUES ('16', '11', '2');
INSERT INTO "INSTAGRAM"."TBL_SEGUIDOS" (CODIGO_USUARIO, CODIGO_SEGUIDOR, CODIGO_SOLICITUD) VALUES ('10', '15', '1');
INSERT INTO "INSTAGRAM"."TBL_SEGUIDOS" (CODIGO_USUARIO, CODIGO_SEGUIDOR, CODIGO_SOLICITUD) VALUES ('10', '16', '1');
INSERT INTO "INSTAGRAM"."TBL_SEGUIDOS" (CODIGO_USUARIO, CODIGO_SEGUIDOR, CODIGO_SOLICITUD) VALUES ('10', '9', '3');
INSERT INTO "INSTAGRAM"."TBL_SEGUIDOS" (CODIGO_USUARIO, CODIGO_SEGUIDOR, CODIGO_SOLICITUD) VALUES ('10', '14', '3');
INSERT INTO "INSTAGRAM"."TBL_SEGUIDOS" (CODIGO_USUARIO, CODIGO_SEGUIDOR, CODIGO_SOLICITUD) VALUES ('11', '12', '1');
INSERT INTO "INSTAGRAM"."TBL_SEGUIDOS" (CODIGO_USUARIO, CODIGO_SEGUIDOR, CODIGO_SOLICITUD) VALUES ('11', '15', '3');
INSERT INTO "INSTAGRAM"."TBL_SEGUIDOS" (CODIGO_USUARIO, CODIGO_SEGUIDOR, CODIGO_SOLICITUD) VALUES ('11', '10', '1');

--TABLA PUBLICACIONES
INSERT INTO TBL_PUBLICACIONES (CODIGO_PUBLICACION, CODIGO_TIPO_PUBLICACION, CODIGO_USUARIO, CODIGO_EXTENSION_PUBLICACION, CODIGO_CATEGORIA, NOMBRE_ARCHIVO, ARCHIVO, FECHA_SUBIDA_ARCHIVO)
VALUES (CODIGO_PUBLICACION.nextval, 1, 7, 2, 8, 'COMIC1', 'https://hips.hearstapps.com/hmg-prod.s3.amazonaws.com/images/vengadores-infinity-war-poster-1551691493.jpg', TO_DATE(SYSDATE));
INSERT INTO TBL_PUBLICACIONES (CODIGO_PUBLICACION, CODIGO_TIPO_PUBLICACION, CODIGO_USUARIO, CODIGO_EXTENSION_PUBLICACION, CODIGO_CATEGORIA, NOMBRE_ARCHIVO, ARCHIVO, FECHA_SUBIDA_ARCHIVO)
VALUES (CODIGO_PUBLICACION.nextval, 1, 7, 2, 8, 'COMIC2', 'http://cinesvalderaduey.com/3238-home_default/capitana-marvel.jpg', TO_DATE(SYSDATE));
INSERT INTO TBL_PUBLICACIONES (CODIGO_PUBLICACION, CODIGO_TIPO_PUBLICACION, CODIGO_USUARIO, CODIGO_EXTENSION_PUBLICACION, CODIGO_CATEGORIA, NOMBRE_ARCHIVO, ARCHIVO, FECHA_SUBIDA_ARCHIVO)
VALUES (CODIGO_PUBLICACION.nextval, 1, 10, 2, 10, 'HUMOR2', 'http://memeschistosos.net/wp-content/uploads/2017/02/las-imagenes-mas-divertidas-de-esta-semana19.jpg', TO_DATE(SYSDATE));
INSERT INTO TBL_PUBLICACIONES (CODIGO_PUBLICACION, CODIGO_TIPO_PUBLICACION, CODIGO_USUARIO, CODIGO_EXTENSION_PUBLICACION, CODIGO_CATEGORIA, NOMBRE_ARCHIVO, ARCHIVO, FECHA_SUBIDA_ARCHIVO)
VALUES (CODIGO_PUBLICACION.nextval, 1, 10, 2, 10, 'HUMOR3', 'http://memeschistosos.net/wp-content/uploads/2017/02/las-imagenes-mas-divertidas-de-esta-semana12.png', TO_DATE(SYSDATE));
INSERT INTO TBL_PUBLICACIONES (CODIGO_PUBLICACION, CODIGO_TIPO_PUBLICACION, CODIGO_USUARIO, CODIGO_EXTENSION_PUBLICACION, CODIGO_CATEGORIA, NOMBRE_ARCHIVO, ARCHIVO, FECHA_SUBIDA_ARCHIVO)
VALUES (CODIGO_PUBLICACION.nextval, 1, 12, 2, 10, 'HUMOR11', 'https://img.ohmirevista.com/article/480/todoimagenes/las-imagenes-mas-divertidas-no-acepto-a-personas-sin-foto-de-perfil_4e642e88430863730907b8ac85c650b9ebd79ea3.jpg', TO_DATE(SYSDATE));
INSERT INTO TBL_PUBLICACIONES (CODIGO_PUBLICACION, CODIGO_TIPO_PUBLICACION, CODIGO_USUARIO, CODIGO_EXTENSION_PUBLICACION, CODIGO_CATEGORIA, NOMBRE_ARCHIVO, ARCHIVO, FECHA_SUBIDA_ARCHIVO)
VALUES (CODIGO_PUBLICACION.nextval, 1, 10, 2, 10, 'HUMOR12', 'http://www.imagenesgraciosas.name/covers/preview/fotos-divertidas-para-whatsapp-gratis.jpg', TO_DATE(SYSDATE));

--TABLA TIPO DE LIKE
INSERT INTO TBL_TIPO_LIKE (CODIGO_TIPO_LIKE, TIPO_LIKE)  VALUES (1, 'ME GUSTA');

--TABLA LIKE (PUBLICACIONES)
INSERT INTO "INSTAGRAM"."TBL_LIKES" (CODIGO_USUARIO, CODIGO_TIPO_LIKE, CODIGO_PUBLICACION) VALUES ('7', '1', '1');
INSERT INTO "INSTAGRAM"."TBL_LIKES" (CODIGO_USUARIO, CODIGO_TIPO_LIKE, CODIGO_PUBLICACION) VALUES ('8', '1', '1');
INSERT INTO "INSTAGRAM"."TBL_LIKES" (CODIGO_USUARIO, CODIGO_TIPO_LIKE, CODIGO_PUBLICACION) VALUES ('9', '1', '1');
INSERT INTO "INSTAGRAM"."TBL_LIKES" (CODIGO_USUARIO, CODIGO_TIPO_LIKE, CODIGO_PUBLICACION) VALUES ('10', '1', '1');
INSERT INTO "INSTAGRAM"."TBL_LIKES" (CODIGO_USUARIO, CODIGO_TIPO_LIKE, CODIGO_PUBLICACION) VALUES ('11', '1', '1');
INSERT INTO "INSTAGRAM"."TBL_LIKES" (CODIGO_USUARIO, CODIGO_TIPO_LIKE, CODIGO_PUBLICACION) VALUES ('12', '1', '1');
INSERT INTO "INSTAGRAM"."TBL_LIKES" (CODIGO_USUARIO, CODIGO_TIPO_LIKE, CODIGO_PUBLICACION) VALUES ('13', '1', '1');
INSERT INTO "INSTAGRAM"."TBL_LIKES" (CODIGO_USUARIO, CODIGO_TIPO_LIKE, CODIGO_PUBLICACION) VALUES ('14', '1', '1');
INSERT INTO "INSTAGRAM"."TBL_LIKES" (CODIGO_USUARIO, CODIGO_TIPO_LIKE, CODIGO_PUBLICACION) VALUES ('15', '1', '1');
INSERT INTO "INSTAGRAM"."TBL_LIKES" (CODIGO_USUARIO, CODIGO_TIPO_LIKE, CODIGO_PUBLICACION) VALUES ('16', '1', '1');



COMMIT;










